-- phpMyAdmin SQL Dump
-- version 5.2.0
-- https://www.phpmyadmin.net/
--
-- Host: localhost
-- Generation Time: Feb 02, 2023 at 12:10 PM
-- Server version: 10.4.27-MariaDB
-- PHP Version: 8.1.12

SET SQL_MODE = "NO_AUTO_VALUE_ON_ZERO";
START TRANSACTION;
SET time_zone = "+00:00";


/*!40101 SET @OLD_CHARACTER_SET_CLIENT=@@CHARACTER_SET_CLIENT */;
/*!40101 SET @OLD_CHARACTER_SET_RESULTS=@@CHARACTER_SET_RESULTS */;
/*!40101 SET @OLD_COLLATION_CONNECTION=@@COLLATION_CONNECTION */;
/*!40101 SET NAMES utf8mb4 */;

--
-- Database: `lsp_smk1_sintang`
--

-- --------------------------------------------------------

--
-- Table structure for table `asesi_uji_kompetensi`
--

CREATE TABLE `asesi_uji_kompetensi` (
  `id` bigint(20) UNSIGNED NOT NULL,
  `jadwal_uji_kompetensi_id` bigint(20) UNSIGNED NOT NULL,
  `user_asesi_id` bigint(20) UNSIGNED NOT NULL,
  `created_at` timestamp NULL DEFAULT NULL,
  `updated_at` timestamp NULL DEFAULT NULL
) ENGINE=InnoDB DEFAULT CHARSET=utf8mb4 COLLATE=utf8mb4_unicode_ci;

--
-- Dumping data for table `asesi_uji_kompetensi`
--

INSERT INTO `asesi_uji_kompetensi` (`id`, `jadwal_uji_kompetensi_id`, `user_asesi_id`, `created_at`, `updated_at`) VALUES
(24, 52, 33, '2023-01-29 14:52:29', '2023-01-29 14:52:29'),
(25, 52, 34, '2023-01-29 14:52:30', '2023-01-29 14:52:30'),
(26, 52, 35, '2023-01-29 14:52:30', '2023-01-29 14:52:30');

-- --------------------------------------------------------

--
-- Table structure for table `asesmen_mandiri`
--

CREATE TABLE `asesmen_mandiri` (
  `id` bigint(20) UNSIGNED NOT NULL,
  `user_asesi_id` bigint(20) UNSIGNED DEFAULT NULL,
  `tanggal_asesi` datetime DEFAULT NULL,
  `ttd_asesi` text DEFAULT NULL,
  `user_asesor_id` bigint(20) UNSIGNED DEFAULT NULL,
  `tanggal_asesor` datetime DEFAULT NULL,
  `ttd_asesor` text DEFAULT NULL,
  `rekomendasi` int(11) DEFAULT NULL,
  `created_at` timestamp NULL DEFAULT NULL,
  `updated_at` timestamp NULL DEFAULT NULL
) ENGINE=InnoDB DEFAULT CHARSET=utf8mb4 COLLATE=utf8mb4_unicode_ci;

--
-- Dumping data for table `asesmen_mandiri`
--

INSERT INTO `asesmen_mandiri` (`id`, `user_asesi_id`, `tanggal_asesi`, `ttd_asesi`, `user_asesor_id`, `tanggal_asesor`, `ttd_asesor`, `rekomendasi`, `created_at`, `updated_at`) VALUES
(4, 33, '2023-02-02 16:32:43', 'data:image/png;base64,iVBORw0KGgoAAAANSUhEUgAAAfAAAADICAYAAAAX8rOSAAAAAXNSR0IArs4c6QAAIABJREFUeF7tnQfYbktV35f0nkgHBSKXqtgFBCImUgXFCIqAIpHeriigVCVBqhQjIF4BIRFQQMBCB9FEBaQaQUGqiShwASFSBQXz/O6ZdVlnnZm9Z/ae2eV9Z57ne757z7f3lDWzZ/X/+irprVOgU6BToFOgU6BTYHcU+KrdzbhPuFOgU6BToFOgU6BTQDoD74egU6BToFOgU6BTYIcUOHYG/u9E5P/scN/6lDsFOgU6BToFjpwCx8LAYdTfLSL81p9ricgFzP7/TxF5p4j8hoi88cjPRV9+p0CnQKdAp8DGKXCIDPwyInJVEfl6EbmciNxURL6lcB9+V0T+SESeVPje0OPM6coicv4wN/vs/xaRv+jWgIrU7l11CnQKdAocOAUOiYH/lIhcV0R+uPKewcz5+T0R+X8T+v4vQYi4dsa7MPKPiMg9OjPPoFZ/pFOgU6BT4IgpcCgM/IMi8rWF+3imiPy9iFxIRK6S+e5/E5H/msnI/4OI3HOGQME4MP/eOgU6BToFOgXWoQAK4U+HoX9JRH57nWnERz0EBg6Te9gIUT8rIs8ImjRaNJqub/jI75XBcHn3JxJ9aJ83E5Fni8hFZ272X4nICzsjn0nF/nqnQKdAp0A5Bc4nIh8VkQubV/+jiBAvtYm2dwb+fSLykgglnyYiHxaRm4jI80UEzTm3PV5E7iAiFx94ASGAPn85oY2/V0SuFHkfSwGBc38Z/kY//zb46P/NwHgcGA5Ob50CnQKdAp0Cy1Dg6iGw2Y72dyJy+60w8b0z8D8TEetbhtHdRUTeV2F/Yaz41Ye0+18RkXubsdC4z4ho8ZhdsBQQ5Z5qBNo9XUS+I/HApg5OBfr2LjoFOgU6BbZOgTdH7uTNuDf3zMDxMRMprg1z8zUanAYYK0FsV4j0/RlnXrmdiDzXPfcaEblxwby+N5joY8F4/yQijxGR/9GD3Aoo2h9digLEodw3+Ax/UkSevNTAfZxOgUYU4ExjObXtYyJyyUbjFXW7Zwb+cyLycLNamOwPFq0+/2G08f8uIj8QeeVbjT/8BU77RvO+df4wJz357SLygAGfPPNBEuxANBMJ3F+rToEHisijTa9kU2CR6q1TYM8U8Moia9mEL3zPDPwJQdrXg/HUEITW8qDEfO7qn7508Lvr+Jjxyfue24hkx1Qfa/jQOUixoLy54/b34xSwQZNDpjSeIzDyf+0gCLHWXLGIcdlpI3AUl1ZvnQK1KIBic0UR+WoRuayIfEhE3rOAT/rjInIxs4i7iQixVqu2PTNwH30OMSFq6/afROR33CAw0VuKyOnm3x8hIlgJajTG5IfgulgjKh6NvLf2FCAA8RvMMLhuYOQ+vYQURb1gvqb9tGaNUGuunoEDpvSuWTPrLx87BS4RrJAIhmMYH5i2XxaskihW/1hRuXmLiCA8aHuliODuXLUdEgPH34bfbYn2n0XkWWYghWFFW9b2IyKCSb1mw5SP4HKfSKccqNtm5qjXnNOx9eUZuK7/DSHgkZgHGkIeQldL104t2teaq2XgSwnUtWjQ+9kWBWDYiqUBE5/acDFyP79cRGDw2kpTwf4mwHDr+wgKWGRXbXtm4L8mInc11Fs6MtAz8U+YvG+iza2WVnuTGZs0Np96xhyuE0xKtcfs/Z2gwBjuAIh97A0XBBdQ6UWxFp1rzNUy8E34CNciZh93FgU4iyg/Q4z7rU4jnjIgVjPG+K0w3hDS5r+6AZbmN9H17ZmBe3PdGj4JzNYxs/YSEbhEx8McPBPfxMGa8jXt6B1y/B81YNL7ZMDRf1vIlPj0jtY2Z6r2ktvz3TKHBv3deRRAAXl9pAs0abV6/rETjGH4BPx+XaiDMWUG7xCRWwwEBXsGvgkL054/sj93RUoAVSFve8kWi05kfIId0IZbNyqrEeULYI1tXftpTfkT/SNEAa9oA7f8yH8qIvjJiYewJjz/HO4RshxuE/ACEFABI0LT2Ev7FxE5p4h8SUTOtZdJ93luhgL4uGNuxxKlRIGx1ATPNzoEkmUXr8iXjxMR0Du1UYjqrx2VOgOfeWyQwr7L9PGrAXt8ZrfFr3vJbA3UNABg7mxmvsYcigl3QC+8VERuPrIeBLrnichzRAR/uW/eJWP/Djrgz+yAXkQEUw0QwYMAvt46BXIpkGLeYF7wbcxpuFrvGCLXc+tePChgbjBuzG0GJsfvB6hrBHMEhe8MrlMC3lCuyEDRRqYQ9/KUgljJte9ZA/cobGwSjGzpppeWjlsiLdacK2lrp5kOKaUKeltvy1CAC4g86G/LGA6tmrTDC4YoWfALsCjx0Q+1KYIZIEJU6ePdJfzxWMFKoIszyNUfOQIK+ChvloyLEndkTRcUqZ1YKPk9ZDlj/C8EpE0E6FwtfmirXhUqU1bbzr0ycHDKvTmSnOsaEKqlxEXqshoVUKhrmD29lNhTy0p3ss7z+NEwweVK+pibn5LILPAzKjVNo+3/qOmEc8lliDZAdLzVEOqsvvfSKVBOAQ+ARQ9zQLByZoDGTNzUu4O5nKBjGDb4599vOviyiHwq1KzI6XfsGeJn3j/2UO7f98rAY77ntdbiTT9UsOEgLN0w+RBYpe3BDhVr6fkc+3icUcoQwtARNvlozx2JnKXaUQyW0e4flhRyyf82AekbozXP51hgYOb6A0PvoEDHfnKXXT+ALP/XQVK3Yt58k+Ru43olWG5uw08OzkGqfoXvH0GghiZ/dr9rMb25hNsSA7ear8dGn7vOkve9H7yjYJVQb/ln0dApO8tZ9hC9Mb/fFNP0P0woaYuPjgtVzZavDX77Naxby+9KH3FpCvAdoAXbViMIV4PYABMisBLX1piLKnftRMRrXwi8wGn/fKhhkRoD6xexMvCLau1QGDiRvjagbQ6BkNCocHZeEbmaiHAJnikiX4x0ihmGg0LkI43Lj4sOMwnRyRarfc6cct7FT3M/8yBQs/fPebE/sxoFODeknNkGehSXQI1gl28SkWdWyJdlfvjPKVSCr763ToGaFNCU4M+LyC/OYHKXCsIwfvOaOByY0c8RFgwj5l61hbS8u5KodYI5tb29VVbSXhn4rUL0nxKoRgQ6pnBM0LE63lMOK5tOQBtm1CWYufeBrxVMN4VWx/pOzJJEQBv+6dqNUrfkyVL+FgSpoXr3Q2OTb8sl21unQE0KoAwB6TuUajk0HooXaGsljUhyBGVAwVDWQM+MNcvA+Tt802KA0AffVg2hu2T+Z01kj81ffHMDtoYKhkylD6k0SIQqudmqZVP7HHoPEyuCgrYa6Rct5nksfSIIsuekfxFgiakN06BtXujCdF3LzDdGZ7R/viPgXvkdK5cb64PSipcf69z9nTXhJuCCA6lu8YuucL798f1R4L0FyhfWJOI9fjNYVv9ERCgbahvu0AuFf6CQyUVE5Dzheayz/r4FYvkblybboTDwOdpmrDjJ2D5osM9NDfIPZnb+n4uRFCFyfm2KGX4TLvRWl5cXapjjWJrE2Dr738soAEPG12ajWLWHWAS5R/IDuc0WTCgbfd7TMFnOC375GwUfOO4jNCPfyLx448BwKhDwLt+XFUrUZzhvtv3tToGTKQBKWyxfnHMKqBDfFfUiKDil8RykO8bqSnB3gjOixajgL6QpW4wDzrZ3Jy2O19AZuMiLQiWx1AfBJYa/43VBi9JcWkySaCMXCC/GkOC4uJDMyPeltSxs0Rn4uldaLBXGzigWQQ5kpI2GJZgHU96W2g0CYIWec+bmS/dyMRI3QgYGP2ONyONWguzY2P3vh0kB7lpQDEGlRFn6AxF5bmKpPAvDjyk4qgxyV2twqQbV+UBSfPb2vIPkdo0lydsZ+Mm+DGiPDyaW1uP3BQhTW7405bv0CFtoXZj8a7fOwGtTtKw/j8jH2wh7FEqA+XlwEzQCwCtsu1dgjmUjt3/aazceUAbrgrqKxmazpJtgbC797+0ogOVFzzhuk6007mNcjRp4rPNCQcOVSsCZfruAvdBSUfEICtb1hFCKcLpY2ysD9+aLOSZ0LiPdKAjPhXu7kR2IBR8NaRVWmqPrFkzc+2S6CX2xz+isgbwGPnYmvf8bMCAQ07bYMB8S6KPNzxWmrH5x/puLzTe+sb8IEcYtgvS2SLdjnRMWGVufQUt6cteuFQMBw4ZxezM79yR3p8c/sAI5gcgxdMGYCX5RnrroYJVPsyXwHGaF1GST61ObZacPZOajzT/c3V1wfqkcHg6xHac2E/ea/hrFXSpv8a66wz+GxgFYC1L8GNqSr6Y3xvDXJIafK6k0HryiRjnSNdfYx55PgbFSu4zAfQvj47wv1TCZU/PexnOQrsl8Y4w5V0H0ShPrqZHDnk2XQ2HgUwNjYoEIOdHitrh7rt8jVqziD0UEH2ONhpCAhPvNAYgDE1YNVC2t7qMCkwYkqZZ1YREhYtM3gED4SDoAyKm0iUEB42+jOIJtXDBorgioVQEgCg+cN6FTmQnIyd46BZQCpWlcWGFwJbaOhQBgxQsLWIK4j1P3I9HptzVbm4pNifGPHAWw2qnZMwP3pu8pa5mC6OahU0s0Jz9nNpKiLByWmNlxykbDcKd+FIpeRGSm9xFNmYu+w9p0fXw0Oj/ooSZXjb5GIKAtUXhjzprmvEsu9WNcB7HzS14sVb3IZgAada3mTegxDXytufVxt0EBX1wqZ1Y1FZjYeDETN/c1/z50R1Ib3AajDSFsegvuopbPKUwvZ2OWeAbwFkzX2q4vIuTzlbSYBEVC/hAzZYx/bwYpAadP1Q/nEGB6qaExl6yfZzH9Eox3hwVzkHPnCHYw+Ze/ISJYPfAzvzP35Q0/9+uhvKFO8T0mHdFOG7MflpRa2QtTNfqY9WjPd8eGj8Yup/azIvJYN3OEPDJ8iNTmDNs4I/voy0Tkx2YoHTGCxfzdCMEU9slRDEAv9IHGKcusj2+a484t3vw9f4RPCjl9umgAM8jDK21eghpCwgJXF5O5Ng7oDxUOqIUp/GvMg0NSSxMfmhaCCx8UAhACCHmSe2kUOiCNKedD3OqavLbyRAeDa+dd07c8VaOP+Tb3fHds9VzscV4xJYg7DGhrW0yH5/hmY8U8FORoquXQ0g3mTcyG9XeTCw5GR27/uAlRGGxLadb+2yBID4FlkbbnjxA4yJcYKpWYsi1xvQQ1xMDJ2SV3Vxua69MKd4rDQR8WK1e7mFLvOXd4LZrhgTVi74Mtj3DiLQJq/la/OMhDCDWA2NCQcmmYfXmGHEmwvvGXqkme3/jpYw2pPRfIZOp+59Kr1XMITKBG2bZUKdypGn1n4K1Ow777hUnCLL27LRWgy/MIryCZ+VbDChlj3iBSEmyWy7ztXWytBinN2lunFr2X9szAveQ31fcAQ8MnQj7fmPTkJbOptb85aAgOMbNSrShG6IOvld9j4CDkI4NvDbLQ0kFnKgwgrevYCAWai//PwZx1p8hHDzgK/vo9pSVNibuoec1P0eg9A28paNZca++rHQU4RwiEnnljMregP34G3KFvEpFLJJg4puup37OPMZoDJ+37IvAthkrov+cexFZw5mqlkuUO6cE3qHgzxycbC2qbczkijBDNzO+hIDSkScbB1AWgP7CvW2988ACdPCwyUSR+JN8l3A9z6RSLQJ8qCM6dS+77Pu5jzhnNHbM/t10KxNKndLY5dSm4m7DmxfD30ZSnMHEPSzyHebMWHwCXYuDEQ9nYK9Dgnr/U1u1ZA4dGFglnCRQcW/SkRiRu6iCXSHFItGihmHJSTBs4V+o6c/FOlW6XOpNj45AFAEQi+da2sf/QjQ956+3NLo+aD54Pv6Spn491g0mA1oPf8ZrB8gKU5NTKTn4enoHXLN9bsub+7LoUoOAHgaQW/tfOqMQKyl3Ft6pwpf5bLgnqJaMDa6O2ucybfmJCSopf5oC+NNm5vTNw779ujbHsU8hq0C9mUs0RRngPxh0LmCA1C9rwY9O2mhyiFTodckFwKcDIS31eSy7DY6BjUgRLvKT9i4icc+QFjSngN4Fy5LdOaXsCnZmyvv5OmgKkdRIAhlZMrneqTWWaKB5ouz64DfcYLsYxq5ovRjV1Hn5dsUC2lHbNHatxPd0HXvA1eSmplv84NQXPbOea0HWcWL5iShhB2yLQjqLxtgGaAvOir7FDX0DiTT/KfrBeHxRXM6q1BQFiFfDG0hf9PCx8ac4cPyEiF8t5MPIMMRI2uLD1dzZxmv21ihQg7oGg1HskfL92qBKLYWyKMEvurlhMkKK2xQRyH0QH+iHuqFrC+0dCSWidM3DCNnVZ/926QnsaWcEh9FJSa+nnziLy9DA/CjhQZewLBfMdetRaE2LBdDAr/L++gg6+GQ4579c6uJWWtEg3aOOsnzx227bOxH364pRcbwRYUKLQjrAOjbUpjNcLyd3/PUblff/9kSLy4MwloDRwH9XCr0AbByPBF8ahf864HcdHnJMiiT+6pvJC+tm1DC1S/MUGeXYGnnl49DFrvhiLIi/s+pTHbaAE9WJT4ARTx0EgUb+49sG/wbg9CD9pXk/ZeT70VDrF3ov5rIhsxy9c86OuNeeY1QXmiHVliiAGJO8jRIRa3bE2RQO/fQDRsf1NSZ2sRbPeTzsKkPmBgoI2ndMQHDGt1/620Kr5Nvzd6tPM7L1fW5DQ9fsg45QAbBl4jvszh75Zz9Tw4WYN1PAhe3FTu5so31bNBs211vZTjBvTKWveezBaiz2KIYYBg3i5iUyxxRytYObBIvgbWQEwYjShKY0LEGYOTgINDWmKD5x+KLFoU4IA0bn1lEn1dzZPAQJdcQmmGimeWB9fvFCqKW4mFCbvG0cT50yrxQ3mzbMtgJ28lSyHgUO/xfjqYgM1PL4+H7xlSo6NNpxijswhQ4px8+5UUIKccQ/lmRgTby1sTaVdTAu3fWkg4tIlGPmmyPHVwjU6p1Znfir9+nt1KOBL4Wqv+IApr/waEXlFnaGKehlCb6OjVpq3TtLe9/xbKi7J3zmL8dXFBiratvKHPyAiBAHRwM32/tDyHk99wwewlQYdjc1hiHFrNaoWUubYvPb4dzCPn+MmnlNlbo215pZghJkvkeueQteaAhu8Bj37mGUUiBXWoYetWFuWAL2KUYxxQZG0LcUvPW9YjK8uNlDZmSp+2l7YbyuA4ywZyF60SH41q3XRd6wCWGfcJTt08rOeMa4R1JZbPASmSSlRTP1jjXXoDy6d81cE4sE1Q7yFP9sESnJJTfHNj62n/31dCuB2vKibwhYtVr7EJ1PGnYOg0aL5TJGh4DRvBV6Mry42UAsKmz5JqaJGsbYWG2uDJmrlGqZMlZ1xzz8wMCEYnPWhTYn0njOTkuIhzPchoSpdLh68zg0L1LODH3CKlYaAIcz5MahIhFX+vXaw0hy69nfnU4AYiR+PZC9gLr/x/O6r9pCq4tiSiXtkt6FUOa+tL8ZXFxuo6nbGO6Ms3c3Cn8D1tsg8c4f36WpDBU9yxkK6Q9PxFyaXJVrQHtDEcta59jOxfOtUoYUWc51aPIS5MHd+priDYOIvD35LgpN8Uzz0ITAg3mntY2xB897nMAVQdjhXvh69voUVyFYRW5ue/hvGGuRxH2orbDHz+ZDLtGvgFU6JDyQA9g8NqEar4eNQyNNUNbCcQvM11nJsfcR8zHMFsBIaTikeYvvnMuFs85Oq4jY2Hy5kKsah2X9aREDXIgJe40Zi72MFYsyueY9Rd52//3xI+folEXl4xhROF5FbRnAk7KtbM5175q1pwv6bpuARVqQ3ZNAh5xHPwMdyuy1/SGGm54xb/MwhaeAs3qZC1DyMVjgA4i8Gwp8i/piW8x4R+ZGKYAjFh+AIXvDmMJgSQW178+lq5TaEQf2hNOP1QwnXGluJ1s15XyJNUdfAvDXilztpihugxtr31AdAUgp44gVSzglaKXn8QO568Ce/zr8KAZKt/MlT6OoVMpg3/6bfLPDD4P7bVlMTR0jAGspdwbhDYDV2rmPMfgotku8cGgO3WOU1GbiV+HKQqLiYAOnnAPhUHN0MDiRVwPZQCazqoVupMxvDwBRqno/aS9JCJRp4N9Y/Z4xLBC1k7LJO9YUgicn/gWODzfw7zIVv42kicp6BvhAgiGshjentM8fc8+uYumGsWE2sYAPM6WXMwjTLgrMAE7l85qLpm/ttTlXFzKGyH/MmadaDNm4F7lRFtJpMPHfCHYktl1IZzz021JKumXJjizkMXfxUK3uo+7D8lGHcbHgt+MEMkvRHQrwB9c61AYELktQWtT0tVPLljIIlsc0FUvIWAXDjtu4BLuqLiAgV0Yg+prIYlctaNmXaCBdjpW5j82CPYOQA0vBz6E0FsljpXO4fLEowMzDqTwvE4P8B/yEQMidDBmQ+TM4K+LMVmiKI4hbQNaQyIBBo7hcpL0wFvjuKyEsXXFBn4AsSe8pQloHfSUSeaTpBCgZeEnPVFQc6J3KdjT4Gn+IrQ3UtsIRhkltpZ4S90vmwFzffmPZxVxGhaAINP/XQmdoKXVPzGMI2mDN3GBjfJD8fnNPRxt5FwAHOlLTYoYbJ+xrBuoci4NHKht5F437qRgVX7/MGdRJtfMjVlcJRuPJCiHHQujPwjX1IfjopBDZM9mjdKbPlsRYaGfLPrbnVVxMRhAo0UNvWMLul6DAkLK5Ju9KxUyZO7YdgOiwiaIHAx2pD8yLYKicn3gpiMDLM7kuj1pXSJfV8DqCPfRct9Uki8qsjQjJ53sQ1kKWDu45StltsMc0bhp6j8MSQ5CiKgjC0RLN7V1ITffbcDs0HPpsgiQ5s7eVLBsxg/IUxU9XHgy8RYI4lzTit1j6lX1vq0hchmNJfzXeuEzCdPe7zFnzimLttzW7Kf2Lq3EvT2A/cSLGaBAi0mMNhtGOuCy5faqTfcCCOJEUXHQPf6dZdVRcSES59zL6lDReLr9xFH+CWY05HMNpDjM39ReRxZvFTgIN8oCrdYW247wJpcbaS5KL3SGfg45+MTRFAkkVriGnc+OZg2Jg/Pzze7UE/gWBj/XNroKANEdgGO9rnyDAg73qMubTYPGiGL9qCuOzh+1T/NhpUyhI1131Ev1cJZuMbiQiWlNyG8A28Mv7SrWUdsC5iFVIVwGBKrxUR6lwz/1sNLJo0wUuZvy+qCeZuRuQ5H20+hXnTrQb5fVtkjF8RkcdnavNTlmLrhi9aL2APF8QUgtZ8Z8wUSLUrPi6ianv7CgV8IYIlAVRy9iFVX513F5Wiw2S5cH/STbz0+8yFbs2hz9gz7C/wv77MrX3v8yJyuwYpaURcE7twrmAFYy5jpX1h3nzLCBNrtyuJyI9FArB0XmiOBOP6gD1bDVGf1WpcCMkeeXCNc1xCW3+3UqKUcrhTBS0Q5F41MAHog7astML6gTDIb9tUgMeSmGPCJyBWMypSBU9K6JL9bOkFkd3xAT1ozSN+WWw0F0JHTotvuJeuKQW4NVrFCp+wmqWDfdA8vsmQER+x99WPfVYl0K1jfaX+zp5ipRhKV8MPTQoY/lkuwaUajBy/Kb/5ieE1cCEDG8sccy7nWnOn3vbPBCsCFRNTDW3OpofZ52KWI9AntVKYT7/i3SW+OXAsCBDFDI4LKIeunnmDHMi3OJV5K51S1rU5+0igJIHL7w3gYKQ1WtcWmR1XDwO0rIZ5yho6Ax/eVj4ITMHnjEhoSLdrmFrnHMQ13oVGqh1tzR+u9IAZEYzIx28b0b4vDFGmrWnnaw9z7jxQxdgc5kC3DvWtZnI0/BSuAYwaxqgpTmNzXeLvMHDM01gKYg3hHAG8BWgN4DqMC9odAXmxmAA/J1L6YLj4sFPNMygiyu9lHo6VqOXvPNeqgYSGNUQbZwCrZCp+YwykZe48EZbYUyLRWzRy8AENQ+vGf4/bVF1fNRg4fIcgRc7uYAxHZ+Dp7U0B6G/dLNXiwM7p0+PIb80fbteWigQmMBE/Gn9v0WLYy1N9mHOhW+361Ew+lLuNJgvT2LIwC03UchDbP+Y+ellmbPwlRIQgScz7pAOWtJJMCJvlwRjW78pZYj0edrfUNwvYDowYurHHQ80GrepzWBKIF0Iwthq5FzAUHrWEVjnPcu88JViKLpjzQqVnoNmTRYQCQ1OtCaSPMn/oNgR3LJ2Bx3fNS4g8RSoZpqItwQ1WOnPNu/GMcWv+cEuAlDbOM1yMaDK1z0BMWByqftR6w5gPJsOhy2NuYFrrNcT651JEGEnhymP1IBAVIROXRo4pmHE0ngKmiQ80t6HJcdmnCouk+omdFxg0mPdo77G/l8IHa+YNwoLVrlNzwiR+3YgVi+f1LPt7tVZVxzF6I4hCE/3RvHmi9IlhwvXEt43wYy1MCO7c+3wHpRUCdU6cJRg5/bMHCDtjwm62Ja0z8FO3PmaC4ikCLEqiX8cO1TH9PVbac+uWDPxx+HCJbvWt9txjmr9CYy55ThSUKIYAxjy4fBC++EamahdLrmdoLC5q6D5U7Y0Ll8uWn6H8chh/yQXPpQ5TG7vIh+ZvsSnscwTTglqHBcCj8JUwTBDN1OxfYoJ/ViKwkbxsQLC0lcxlC2cG5s+ZIU4FN0cO2l1q3nw74NcP7X+WJa0z8JNJHMsl1CdqX9pbOJRLziEWzV9q1ltyvoyFLw3TJtGtmEZtq5lyZuMElFGmfM2taAAzS6EJwrz4Nlr4ilutJ7dfLspnGEjSoffYJ5gvv1VDT7nabD+ABz0/mJTnMG3b55DQoNr2n4SgOftebiU+K1QCtvPgAoGDcYHzTTW0e4TE3IC33L1c6jmYNwF7CNn42UuDTZnnVBfZSWvsDPwr5IhpQZhXNMUg9+AvdYj2OA4mKcBJtGE+9KlTW11XDO2pllDntakqH3cBIWNr43WY1c8dCSCRVkaDIQ9FsXuyYrKmcIgvzEIK2BMdME/Blow+qn7S1IOUU8Ynb/H/ebYkkNSeS4QC1sM3O9ZgcK8LArB/lj4t30EwfLSIUExnjw0GTmU01vw5EXl1MMvjSoF3cK6ZevPDAAAgAElEQVRi2RBVsgM6Az9xZDwGL//mC8cPFXTf48FbY84/G/Jb7dhX3dHHS04zEac2b3QuE4+l/ixx1nARgHZG3u35Iodh7rrWOF+1x+Ty1QIs/M7BHIexEk0Os2uJAoc/mSAtArRI2XuH8T8/N+SZQ4+YYpJTUZF3YylZMCsETIsYGKM7DI10Kw+Jm0KPg+GDumdhdWvvZ6v+iLinKAzxE09IDMJ3Dk3UnVhyNpIBhZ2Bn5C2wZ+2Pg2Y9+ki8sdmM46JVqXlLEs+DIv1zXtcdHwAe2mxC7Ekgtiv8x4uxYeAGrSnVm0oSI8xSV8BBriWqbfVOtboVzVzfsPcuTOAeyXN9NyRCWnwEq4HYF1zg+Jy13b+YMLVcqu4emhogbb5Urr8LTdIEg2e9fqGhQGwmVRA5xAAFlYL+vVpm4xBIBwm+96+QoFkdcJjYkqpAwEEIfjm2mDeSLd8oEQD0hYt0r6Bk2vTVGprYkiqLzFr5PLxKS8bIMHgFGJMfKolAWb5/WY0oDPRRGo3GDeBRKnqZiB63aVBhH3tdWy1P6x4+pPS1BUJTIPilloLd5mvWoZwgaVnLBgRXPtfGJgo9wPfs0WN87FE5Il7AQeXJBatGPYCldZ6+woFyC74mvC/9w4prWf977EzcC8lcolx0XHYVysRt4GTS3qLRYOao2H65RDV/SIRAdNaGwxsb4VfvN8YbeSBhXvHWSNq1wastYi1YByCkCzNdapoO1wQnHcQpXqbTwFFhIPuKYhXGCeauVZQmz/qcA8e2pinc4RzrAx8/0S041P3RYB0VEoqEwHvmbdaM2HyVrDRHOe3hWAwO3u0esbs7QQFbKAkgtLZSH7HzsB9tKSNirYHMeegH9ph86azmkwcP7IFuqDE4fV2RkA+KiKLrfWmNPWL/N8HmHW3uLhSmO+tctpbbWMJsEirOUzpFwZoc5Bj1iZgc0H9o3KY5qCPacZT5hLDtyiNt0gFPHKeSDO0aXm2MEnMpK73aiwlLvfOVRjXreDcT9mXnHes61GFpaPWwP1B9JG/NrUn11+UsxF7eYYUKi4V29DiiBid2zw6G/1tPaUstmbwm7/X/KFEEIkFCNUUklRy9xo+/763HFzmXAosMveMtnpfGfqYuR1GrilrNWuce/cPgnqsgtfQ+jm7IKxZPHwsCaxJG9ZMtH7r9/d1JVQLT+GXo+2PWYUsjCvxG5QP3XL7+RB/8HQReVSGC0PXYveNexlr2oePVQP3BwaCeL+LZeB7ZC41DjG5mh4+NFcyHhvfm9r2yFQoTvGLbqFnS8cjBPiUA4nBlE0AT63G5fokEflG0+HetG5LC3C1FeUs5wyqZkakNqlwW20wOXzMpCMRR5FqyszZQ2Jy5mjonpHm0DM2L7D6yffGggBDssxbXZH2PYQX1qFpVTB5DR6OafY5aaYexrWFFavm2bHxRQgwKIc5+AoABZH7r+0sYeUYGTgHhsvSoqrFNB9r1jlWBs5h8UU2+LdSs1vsA/DobIxTAkNZ86Oa05fXaE7yUSU6Jr6AOAPbpl6isSFiQXZLV1ebQ9PYu1g6sHjQELhJfwOnIdV8gY3a1o3a69P+bKQ7Gm0sh5hnwRpn/Y8YQYlLfXs+T3sqfbCmYd61cRxDOc6sCSQ/vn9+WwUhxsRz5uXR37bMxH18EfuTi8XvXQ0XO0YG/gcicgNzqlMHpDPwE0QizQsp0bZaH4jXwlsEcLW6aG2/VCaywT05WjjWDfLiL5AZTJSzjlSKGBc9gYJ7Tw17pYjcJBBiTOD5aAi6anFuc/ai1jOK387eEgcQaxoQhxUrd4/pl1xuRRjMETxjY/sUtbmWNO+WYswcJu6tqsyLmJQtNmJfbhMRzrgPOdepdEOsfVj9tF322Bi410ww4XCQY+Yoy8BLg5O2eGjmzCkWZFLDKuGDasYu5TlraPmuvzxya3mTx/v5ShNjDggFPkoYbfXxG6zDPmXZ+F2pCkdjXaQkpi47sh1wIeAr1BQc3oNRIXBx9vbYNCDuxwJewHndIjRVDUY6BhbiYWBLBXMAY0gF01Yj3Zb9erEDS6L/nEwVr8FjhblKg/z7oXOTG2ypFogYFj98iv3zZ/sWQZniG2ev7nVMDDwWgcmFQMGKWLNMC9PuHJ/THi8KO+dYkEnJx54ChvFlNLcoNeeC2oBQZet3V4FKzDg4Q/ndexWIUsv2gZU5lg76iplmiUHIQVbL2ILVHuH7wSRNBHYsul2ZOQG6KUHHKzW5hUv8fYovuhZ+fyxzIve++bCIXNrsyFyLgN1cjavA//zwxK5rsCV/zvn+WCs+cH8Ws+Z9LAw85hMcu2AtA6/h813tK680cKzK0GWJhMzo3wZueM39XS4e4XuCTy2j20UeGZq7nYC/0HIvnDmLQLACaIMKSbbtOVhtjB4WAxxLB0yDALexFmPiseDVsX62+vexUqmcCRhKzMRuaUO5XJj4UENwYB80AA3406tX1nRjRWJysBZigaW17m8bV6H0fLOIfNYQy/u4c0onE/fAc1YIIwUvhoB30r4cOgPngMF4bHoDBBhj3h6f+thN6HpoPAxqLgO3h9ozNmAfLcAIHyAm3600O/cxDGlfYKKGmyFGBxg3lcMsghvP4eu+44GjqXnsBrRPNMyxlsqHV9zwXNPn2Dhb+DvMHIGSHx8Eh7BDqpVPTePbxu2AZgk64FDz1fNytfZS2njLn6adjfXzQQdHjIZLfM3c5iPe6Y85caeRHqY47l7ZQVBEeErBztIPvIp5KvBPjvZ+0HngMG0I6eu2jjFviOmlv1YX8dwDtfT7egme7YPJnADY3q8y1YlsUIo/7FujNWZbMPG1itrNROQViXVTIOQ55m9ZH2EmDTnPMJmbR4Kz6IJLFbMbkvzWG0VU8NeD3DUE0xlbh7emldCY6H+0TV/qEmEIuoFpjsXlXFsnYMH8+GahmUeEwyXImofM67FhiBy/j/lDDb/30HIsEweBzEK2pt6LuUtr3StE/QM6ZXPgmQdIc/iotU2tXojyyN5k4eYfogbORffISCk7pCf+NhbYsSYDJ8qW4gjUD75pwUea66ct6LL6o/bitRGvXquv9aHVXICd45hp/P0ObxzGn2Pijc0X4ZPLEi3TC6L6PFkVMMIh6b4mLWr0ZU2RpYxkDgNn7ghkL3P+WhgZwpGmMW7xDM6lO1o5At71Ix1xJ0IDtPIhxrFW5bwpa2cd1vowZj0rHcMz6I85VMZUnfix+6NoHofCwMcuOqR0JMfcQLS1NHD1t1JyD20gt9nACd7JSbvI7bvWc56m5KGiCc1h4KpZoAV4wJla86afkjl6BpPrZrDz5bIlOnWIcVM/Gf/3nhi3rtGD2PDvfJt8o2iEQ9+pP0e4OACrKRGSYkGZlABVzbxEq/fnbOsAMtyVnKuYeZ21DDFzbzqfQ6ea32esr5gWXjtNdSx2wKd96Tyr0W3PDJyDiESI5MxmxTQULjk+qByt2x6CtRj4F03VnqG98Zp6zDeTEzzR+iPy/ft0NGrngjBkzVG5ZjL6pvQmDJJL3KYK5a4rJgDEfKH45G3JU3KRfclGOyY+RIBGzkr1yJ1MeC5W3EG7YJ/ZV4qPPKOw3y09jq/1IcEU6c3ZORp5iUCVWrfH43+QgQmemhPNWB5AhvM05lNea2/GKqgRU8E54/6kmphFW2ttOq9BE484h4XBx0PNHUfvrlhwIDwJ+Gmbu814BF/eqYbwvTcGDrEI4Sfi0ec/6kaQ283GIR0pclPpJrHJWkqUd5cyqVlQhKHUtZimHvPNcNE/LuTDltKgxfMfN75k+ieC06ZecWFgTYAO0HyssUfs1dQglZgAEMPcxp1BuiGasQY9jc1tyt+5YKwfzTJuhI0h//ZYEJZqhncPRVhy56fvUWjjHa52eW4fQ8+xf6zLp9EMpRTafHD6zolr8XO4aBhXBS3yyy32/1QtKQUgg7UEhWKrbYyZ+3kTx4CgU6ocLbn+WBnVWET62Lczd84xiw+R62DQzzoTe2DgaNmYEzlgQ3mGMG5McCWm8tTGrKWB5+Kv42+5eJi8Fy48KtiSAsjYQfeaLM8zX8WhR0PnTJa4ENirXPQpOz/O1WsCHa0AYIUM769Cy4fp124pBDUYOnPLCUwbK/ahmiHCHxjTHl0vtSavUfKcpqlpKdK59IiVuqTP1P2EHxsBnWDKOdqyn7dnvuQTn2keYp4oENAuxbhSADJ0Q6wCuetbbppbTmncIWx2u4Z3B+tFzaIrtWjkTemxwlSludtT5hZj4lMEz5PG3ioDh1ETvDPGtDEpcploXd0phI29swUGPuSvsaX5vKYQOyjPDCabWvSZ2g/1hLkkbSMISzXbnzSBRBR3eN/UgTLe05QvMKVt7XMwtwn2Ya60IU1Mo6mBm+Vin9JS6U05Oa92PFvsIxYD4ZlTTmoL/cc0Sh23ZkCOB7TIyYOdKryl9slnRPgLVs9MbjpTLBKZAFW0/r20GIZGau64P7iPteDKVrRza9kEtwK3m20+d7tVDBFuIyyl2qZaec7uYGsMHGkJbduH6Ftiw7SpMNQyV3gLDNyXN7U0sNGgMVMjAWK+stVSboCxi8n7L210qP0bUJGYq1s1zT9HC7+xG8RfWpzJ34hMxGqnWH5ytVrt6ooiQtS6b1M+7B8yPjWirIEZtQ3NEEGO52wbGwstFNxmrCIIlf7b1DskRzsd20v64A5QBLGsVJqxTgv+ftsQRIfwhnvnWu7doTOTGibGxIe+xRp0LFjy4KPAkKJd28Y5x73HOUgVWtHnFaMdQZwzuRZDz7nPEWix7GhrxcTxf1/IjHOR4BOftGdbYOAQl8sGjXso/xLzDIdnirm0lDjMh7w+bTk4vKVjxJ63QRdjUv4QUlys3vZWzHdoIPZipKAC+dM0sKtPD/9dO+3D0xuGRgAdJlg+KttitdCZI3O1zUdTY+qGiY9lO2CmRChAULDBl0NoWTpuypeNSwXXytgFNAcW1+OtWw28VDut8b206IP9uLyIvD3S+dCZSc3Fu0fGNPDWdOTMI6gQG2PdA7H5+yhqL+yBAAguAW6BMWau/XOv2VrnuD6XYOz23ondLbE7M6ceeekZ9ArMEK7EaN9rMHAkDirgINWPFRTQqFsuxiWl8RyJbZS4Ex7w1bmGEOBsmc+Yth6DPl1jvz0ZCBYiCEmb1Vw9SMSswz2B/vaVz4kIxUZs8x80ADUEdwHsoE0D8GJMnEsCAJPYuc81R1utHyETt4N+G1bbGxIGYmbRkrOB9YuAQ5u6N0U7nblFu3pdLYb3H5l1LTqqoEcgq8aY+KGBTSUaPyas+PrTY7EGaj3h7ozhso9t1otCnfPXisg7xx6e8HfPoMmA8XvhFTeGqc3E5+IYnLT0ko92As3OfoVNVdPbA0TkfCOdoW3DzHIKnc+ZV+rdtRi4z7OMBVzonO2zsVraMS1yTYao8+bDAcpRm4XCxDVi066IMr9liw3O6JOKSB5+keAvGKZvXvCCifOuMlbFKUjlqqPJEwmbY12K+aTV3Oe16yHzuGX2NawzU7TTjG04ukdq0TEWfJgiJsIjZ9MyTkze3BfaSkzKMEvuUMrlkjFU2tQqRhYRc6ulvHnmGVuTd3nkVhbMXaPPcJqVm96CgXNZIYGhZRCsQb1jTFJjjRSVDwSNBq1mzbYWA/eMIJeBQ6vYQbhrkLCVliV+8FYgKeTEWgxvOyeYN0xc25i5seUZIdebfHvfUsF1XvhCqCKwjbQVPtoUkhpWJqxRf5a5GC745wc3hMK78irMmvODCdY2H0lt/zaUw5o5nf7YRikwFHwYm7J12fF92tz1XOtQrF+EANDfwAmHsaOpT9HQ6VsFXH4zX35KTfDW9RgrZsM38WyHpV6rGApr4B5AMdEATO7tMZdb8ohNYeAKIqIRhxBRQVXYoJKSckhaVKPCt5jCl17j+1iLgTMulzD+JKJwufhT0qdn9ilJTiXKUi1rLkhKbN9iplv7cWCSphCBba2j0YfOV2y+Ka02lnM61DcXD9aHnBSxVD8eGAeB51LuG5ydqrLGB9jHnE0BDT6E2WERUiso5yGlUCmeN5HSRExrKxH8cydugyFPC7gPGguT24d/bsh9pc96K1WsEItNd20FiFUlg2IKA7flFacSmmAb0nVygOmnjjHnvbUYuM4ZgWhMKrMl6FogDM0FSYnR3zMcgmRwqdjmgzxKTHdz9jz17j+ICKAf2oaC62x639BcQLHi2bnBOzEBg/Sze4vIBROR1C1o1PvcHwU4OzDMK5mpK563TbuikI8vhNJqtUT/c/cS5U6g3VA2UmoOOSbpMQhU+kYgxw3RAvehGv2mMPAYbGfuhECdeUwwTebUkc7tt/ZzPoCjBN6z9lzW7G+KlDhUWMUz8Fh0vwdeKLUc1KYXDBFfnm2p7wZ6kZaWyqaAcSPRz9G6GQO0NgRpAsluJyKk+9Cw1tA3vkxSVf68gpAwhZ4IoGqRGHvfWvSIeVHBFSYSE2LJ2X9vKH1p+2bMT0YGw9IxVN1JrYb4OnFP2AY6HMLxITcb7EpQG+ZyvmFtLbTvXHoiXBCAxx6xv9bSG4t6Z69RbHJ85iXlU3Pnu/hzUxg4k/SSkf9/CE3w0eVEhOhCcmjJJ/Q5hYsvOHNA6lNbrGvyhLmYexungLXQ+POlGiOgI7dKBG0hhb/JmIFh+ghQYISv0bwwxxy8QDcUpAbKE5cimMixiyWVFqaCEMwHKwCNubRsjKXMjkuTYNO/dgPC5Pib9b+n5kRfMIAhS0MNi14JTYi1oeaAphDm0BSrC8oHSgd3GMAfNG8pQ2jih9K5Yxa0kjm3flaBjFifdc2hrJW4RFvPM9a/Cov8zgkCXWOOzcacysCbTWgjHa9tQt8IGSZNg0sA/xstFiSS06n37+MXJxAmR7LO6b/0GWI0MOlps35lJH60GH7bRgwDaXFj2nYK4tRXmCud81aeHwOKmWPR28oaY/PQXGfNe4ahY4HZcvNWjDW17y3TaTNz6ww8vhWdgc87otZUPiWCFcxx8ldtGypuMW+2428T+EL+ukfowvxLtLpn3Pi3c7WBFMQpgTQ52Rvjs1/3iRyfpFrw1ETKjBGI9P99oZN1VzRvdM4xZwPMfc6Pmu35N6wBBHJy9r05HxM/Vissg97iiTmZ7A3eyT13sVVY91UOlO08SvS3Z1OgM/DOwGcfokgHPrhqSiRnrErVUFpdi3XYPmMIXdb8i/+NdaN1l7QhiFO0tj8xnfEsldH4OU8wBcdMteo/5m/4yUsw5TU9J7UGNTl7BuNphelVI6BL6JF6FqZ17cDYcS8ABqXmXczaBO3B+L7gOrBuASxD+M9pzB+mCHgHrj6qzemaGAthDdApxgDQJ8fUXmOdNfpgD8mh5jcBW1g5cpqCyPBsz17IodjKz3QG3hl4iyMYA5GhgEBp4KIXBMbgZVusZahPNf+iTRE3MTWqHOGAuAD/Pa6ZB780LfcwHvn6BFZRQQ/BwFoMmD9MHqZPaiRCwVYa5wiNmu8P/z2Bob55gJGS3GeqlqkfHWHn8zMtAVuh2+bn0Rl4fIt84FL3BZUf5bc4rYUPnMpfpc0DpAzBy5b2XeP5KZH6ftyhik/97NXYpeX7UOau5m51CSyVkjW2Yr4rAvoQHBFGfsEU2cAyoWBL3IVgMQAeFDPdw7yxhvhGRLtFVRybT//7BAp0Bh4nWo9Cn3CY3CsUOsDUSQ71FBO6duc1g0Mz7WGiJd1Lkdqosa0XYuuCLvN3ufcwhQLkX5PJAIiVdQXgBsAdQCU0iz3AGES33yAETNq/AcHL2eEdYjW20jSnfCvzOch5dAYe39YexFbvuMOg5kSP+72gVvdYEZw5s2e+aEmad6p9xUAl0Fwwm1/NQdbqO2gyBPTZFDjtH8EErQzQCg3SIkqZf7cQp3tKR5pD9/5uPQpwfkA3o+ofGAGKr15vhPGeuvA5TqPZT3QG3hn47EO0QAe28lqscEutKdxZRJ5eq7MJ/XRz+QSi9VeyKEB0O5o/vzlnVNlq1XLK4rYa+6j67Qy8M/A9HHibF060N1psTc2UGuQAD02BbqxFP7TvNcevtY7ez34owHmj6h5WIBrBbhTVUUwDEAWJxqcgFdkQGqjGv18yZEJoxbA56Wv7odjGZtoZeGfgGzuS0enAsIHZxKxNmlZpqlZqjUQU029LbSQ19pdF5BzhjyUQkHvYrz7HfVBgTuT5PlZ44LPsDLwtA9fIUwts8j0hr/SzYWh9RmdicX9Txy+GE60QmF4z1drrRIBr5bghnzSpUXN81lv/ZNA68HFrdaYhGqMVKz1T+dH444nUJSAJbYWmsJvkJAOyAUY32gt9UVbxng6oY8389q3vV59fOwrYDI8O3NKOzs167gz8VNKCjnQ9k1LBE6nCCvq2Bjz5wKdmG7dQxxqkxXDUaseUBn1gZnzwNc3YrZZkg8Zg2qm63IxPBDhgFqR1tWiMTcS5xZeueXEOFZJpsZ7e534p4INDuxC5w73sDPzUTVu6uELLY4Np9syA2KUFMWLjYQWYCldpmbwVdOx/L8XsuZSwdvCbNfGTW4xhDLO7xj79TWQ+NQPX9Oxinj9njQn3Pg6WAriOSEGjtYgrOVjCbWlhnYGfuht7KK7gzdwaQKJmXstUp5w3LbFoK/3cUEQuHipUxUr55Yyj8+M3ZRq5ROY0LUU5pFXH+ufCQsCgkAhFQx6yQLUz1ksZUNtqp8RZV03/tuecrMN+1xctWUJ4PWyKrrS6LX3kMIVHiQgAIEBT2qaMhH9TuErV8GBeKQ1P/clolwAhvC7T7OvTiahEVYoi5n3buh4ucZgGTPb1ZpEwNcVttmsfM9+vdHTOLjZhmb2tyDWGOFUjHSzHWqLMWnG5oeeSPn5gZcGjjgXKlcBV5uxzZ+A5VOrPeKRJ8sUBgultZxRYm4Grf/JJAUN4CfJR8OCFQRDgIo+V+IMR4avUVtPMucQatzRGrMKUFroYK7U5tg5rLVGrhFoflFFPxScfGzvn71QwQ5CJMW+gZq+Z00nGM7gMCIxTJK6pZVwzhuqPHAAFLANfs8rfAZBy3SWswcC5vO8QEKd8DeU1qXGGiNwjTKAjsa25E2Vj18AiLxtx+GlS0x4QKoYBmhFr5M7ep7BKWGpUBCQNXtNnHiQij6m5qN7XQVHA3m8Ebl73oFZ3RItZmoEDnn+NjdKXYC/KDdI6A9/oJm14Wmg1dw0/Q9Os6W/knD5PRC5lBiQ9kRKZHVhjw4dl5anZ4jl7gzxFAfzmUCJ1Tevaylt4YvilGbj10TG+D8YievaLoeSdglzAVMllxtzNf6Nx8P9sYs32WBF5YGfgNUl68H2BMY3pGiz0MXz2V4RCFL9diSqA2aDF+0YpR9L9eusUSFFgLwxcmTWWWs0ssQGrc1LfNPNGUR0JMt1dW5qBEzV8kxB0xoU3V4JS/+r1RYR60/RvgTcQGFgjAXJAZRJJTVCRb14r8kEeVA566+52t0+4JQW4UJ41kqaGjx/LzlNEhNiLGo2L53cGxv19kx5UY7zex+FRgFgJAitpfxBq2a+5Sr4lAo019ZN7PQdWeAx+uMTiO0cYWI12SzPwlgtl08lrtPm/OTnAWgHKgpJ0E3rLndp33yDp3X2gdCOMmtrJxFS8r/JSh+qGMxTZGDUE48rT7t1tjAIgBn40zImKeRdZaX4lDDY2xTGm6y2+Q8tEAwdadldt7wwcpo0p/acmEJ8cXMyQMStA18B3dYwXmSzMUyFYYwP+cQgma4HixjlH2x+6YH45IMjtAR1vkQ3rgwxSwFb4W4sP5DBYzRLyUNFgSIxZcNXim3MUfkJE5mbF5IxT9Zm1Nq7GIoC8vFFhR+RfYzJ6toicOwCTfC5U1rGgJTb1iSF6GlkhoQ/kcSwxmBtvKiJXTKzp0SLylyLym43WPGYyJ44Exj52mTWaXu92pxSwOOhr8QFlsJxhmKemgM4FosrZEnvfp+oc5PSz6jNrbVyNRedIbzXGoY+/DX70Wv31frZLge8PxUnuFGonp2b6NBEhMG0umtwQJTCHo3mnWsz9s13K9pltiQJbYOBboscu57JnBk6e6/0XxHzuWvguj3j2pNG2nyEipw28QSWxJ4oIkeQtNV60g18aiGwHXQ7m3lJ4yCZcf3CXFOgMfJfbdvKk98zA7UoUtpSgNRvJWCvVjGCkKx/AfvclnEoBLSv6sARxPiUirxKRd4bIXX63bDFgFjteD1RrSf3j6bsz8APY65oM/NcCiAWmxbttlDaaQ0jAAhc3WjW5vGOta99jFNrn3wlixMdNCqJvYEMDufumBUFR8GVjMk8VZ+mBavs8Z6lZq+KRcgfq/fwJEXl75aUrA8eaU1oMqPJUendTKVCTge+hkAJmRzStsfSy94jIVQxROwOfesK29x6CG1C+P5gooUpQ2rtFhCyFpdpYlDmXLJkWu4uSXYqAOxtnavoUTNdi/WONmVqYRxl4zXr0O9uG/U+3JgPXHNWaUJE1KMzlyIXNBTjGuN8V0Ngwm4Ivra0z8Bo7sW4faLf4lVNnAL/2UxfUtpUaY1o3gWoInlMv6nWp3kePUaBmAC7nglgICthQgAmLIto6WvtQUwY+BobSd3DDFKjJwLe6zLFIXiRQNBs+Ar0kO5DLVnezfF4wbBj3UA71GjmgOYFqXesu3+89vGHTp1KCGecWBMkp7UMh0JIsCYqVoJD4RlwPAZvvFxEK8PS2QwocAwOPoVdp3iGMO/YBdQa+w8PspqwMEsYd8/HFBLelVo1QiVCR8j1ixcI/30FZltqR7Y+jwZYwdg3WBX50rP1iqI6XYuDchWOWybEx+t9XosAxMHAOJ9o1lyW/YdpjKUCdga90ICsOS+7+5SL9wbjRbNeo1kXQEow7hfOM3x2Bs5vLKx6EA+6Ku42zRPlaCupwr/kSzS8WkVtFaNBN6AdwMNZk4FuOWvcMnICnnnO7jwNPVDlaR06FmgIAABnrSURBVEyrIIob5r10Q3iEOd8iMXBn3MvuSMu7p2XfOVQCMfDeIgJOOHEdFL75rciL6ofvPvAcqm70mTUZ+Jaj1rsGvtEDOzKtVLEPgnvuu4LWDeMm6yEmNBBZjjUIU3nXuJc9by3vnpZ916TSHhk43xPupa8TkS8NuKCwLvBNIZwc9Le1JgPfatQ6H0nXwGteFdP7KtVmyNm+phnuIyJyLxHBjLh0S0WXf0ZETu8pYUtvx0njtbx7WvZdk2jKwLH+jNWyrzluSV9aD1xrgeeUGPX9H7T1dE0GXrKRSz/bNfClKR4fr0Sb8Xv2yQAohBlxyYaWgNnSXzYEC3G591zuJXejjxWjAGeU74O2pbRfLQltA/bm7uCc9fG9UnqVO2SNmJnRtXcGHifR94nIS8yfKHDx0lFqTnugVMucNsr4W1uZh51piTbzUBH5BfMyuOXg5fMBL9VSWvecS2SpufdxjocCVtgdq6m9FFWmgtsMzW9Opb4XBJRG7f+NIvL5YJb/FRH52FKEGRqnM/A4dW7jAj9uKyLPa7RhJVpmoymc1e1W5jF1jZjJMZf5RmQu/97SF5bKNccHh/97LOth6pr7e50CUyjAmSQbgrYVkKoYuA1xIvbbQQvWMqB/LSII6b70aC1NeQxsB9Cvr59C/JrvdAYep+aSJvQSLbPm3vu+tjKPqWscAuzRj5yPngvgsRWZKhehD1Lj4oGeBKj11imwNQrgxgGdkkZAWEvhNnftCm5DmiffjQai5b5f+zmvgcf6X51/rj6B2lSv1N+SDLzSlI++GxgzTPx+I3W8lVBcEJi250jslBbFBGkbQUEw9A7CcoIqLVwzLfo8pg8IrZZKjR3EZXjX1QeOuZx7Ar5wExH5zvD/WC9WbZ2Bx8nfGfiqx3L24Ejw98nsBW0ERl6ihfjzwVBAU95lpkCQOeVdPdbCNdOiz10RdeZklX6/NwIxPHOY/nprCnQG3hl46zO2Vv8wWTThH8icANJ2TsBbLNe8B6mlidzCNdOiz8xjsvvHrPDZz+3Ot7Mz8M7Ad36ER6ePaZ1L6+rB/EWe+AUSb/2piNx+QBu3vkPtYitBQKOE6A90CgQ3EzXnaf3s7vxIHAIDJzDpqqGGM3jANVo3odeg4jb7gKGjweEvjxWDwHcN5CrPaCML4VEOnhWfGCAx79zmMvusNkwBzgwCJVXDnh5SVt+60Hyte2krAWwLLf3whjkEBt7CH9YZ+OGddb+iMUZOfWVMjGCr82MbF++NOvM+/EPSaIWxFCXAQm7daDztlnRH0p/OJyJnisilG4/Xu29Mgb0z8G8XkbcEGhGEhERZo3UGXoOK++iDSw0AmNuJyDkypvxpEbmHiDw349n+SKdAjAJ/lKhIh9D4Qmf9qUlBrUBGnwCTEE3d244psHcGbnP17iYiT6u0F3tn4D3NpvwgAMqABgQKH4JhrJHzfYaIvKe8+/5Gp8ApFOCeuWfEwtPiXvbBl918fgAHssVBWYosXoqteSAxj77aLIQykBZadak1Th2nhVth6lz2+N5rROSGbuJvCOhVS2Or75F+fc75FLiOiLzePY6J+wv5XYw+ibvob0z1ri0XMBldTH/gKxTYKwP3PiSig3+i4sZ6DfzBIvLoiv237qqn2cyjcAqWtQeuzaNrfztOAQsI9OsicufKhPLZEz36vDKB1+pujwz8rgHdydLsO0SkZhSn9a0zTk3z/Fp73WrcQzTXD8GyUnThRYGYCtEK/OOekNe+JVgTQJHrOO2tvoyyfjWgjBK4NZvXvmuirxE/wo9XqPb2PdSk96J97ZGBf6OIvN1Q6RUicrPKVPMaeAc8SBP4UM31MZjUoWNGEOXvBobIBbZlxog5lYu3ZuBn5U+weXeHKHjGiOaFUVIkPXb/ELGvJCKk595JRC4VTPs5dbm7lt/8CIvskYFDFsq5kdrzAREBBN/m7NYgW2fg+VQ8ZHP9WEWiHCp9UUTeFKKLYepUKFu7Ua+c0qcIHLEKbmvPb4nxD1Xw9LRjjy0aIfvNv6Wa5qh/XEQuPmMjutIzg3i5r+6Vgeeub+pznoG3rAc+dY79vXYUwOyIgHjtwOguVnkoGDn+dIKJ1tLUOeNzCrlUJsni3R2y4GmJ6YXQMc24htDK+J8VkX8OJT8p+6m1BvTM8f9bt1QtfihLB+wMPE4xAuKeaf50XREhCrm3w6YAjJsiKGMWnXeLiPoq8SfHEN1yKaWmd0ybJQVVcvvf+3PHYupusU+xojtjd75m93xYRC7TYlKuT+IwetndiYQe28yJ3e7+tUeIyEPMKr51RU1p98TcwQKUceMb5L+HGhHCRAr7xmXJuzB0GsyYny+JyGlBk+dvVxjoHO2Ey4wqUb2doMCxmLpb7DfnGewC26bc+ZztbxCRbwqKDOdaAzhh8lgogRvO8Y37deJSmvJeC3rtrs8pm7m7RU6YsM8x73QaJuJetaQSxl2jfjhU1OIqXFr4oWMMHZPjY4OJ+5jN3NDrWEzdE66p0Vd8+lhrZnmJ4Ho6PQS+jU5QRLoGnkOlxDOdMcUJ0xl42aHam5aUw7hBWwM3+uUBea0VI0UrJ1I4xczRdoiIf3LZlvSnOwXOsgBZAbE0An0qCfm+HhisURSboqlliv9W65RmbUwd5+jf6ww8fgTAV1c4TS5uAj96S1NgT1oSzPJhrrKYXRl5sqwH7WXpBhN/nIiQuuNbR89aejf2PR5pgqQL2kZszxrnet+U3PDsOwM/dXMwA33U/HNn4Bs+wAVT40KjDnLK30ZELP7nrVxwMZxsCqkAWtSx2As2/kgf9djnkOGrdwY4dKRbl7/szsBPpZXHJn6oiDwyn6T9yQ1RAKZ9vYBrjuYda2i2MO1WJvI55KDACqhvts5916LmUPR43iXIzGZHEBiJhae3A6JAZ+CnbqYvZEIU530PaM+PYSkwbszkKaaNmRymzc/WU7coMQkj1zaWx3sM+9vXOEyBGBRwF/wO8NR0Bn7qpnYUtn0f9JjpUFf0tyHPewiJamurLwXi2Nr8+3yWpwC1vq9lhqWyGVjre8LrX55qOxyxM/DOwHd4bKNTVnhQ/8dniMjrgqa9RTP5GP19RsT9ReQJYy/1vx81BYCXvomhwJmBgR81UQ5x8Z2Bn7qrXoPrmL7bP/kxrbtW3vbaq/cWoWMuQLL2XuxlfF+xkXRI64bZyzr6PEco0Bn4OAPvpUS3/Rl55g3+8j1FBM37ENqjRORBZiGfEZELH8LC+hqaUsC7Xvpd35Tc63TeN/VUuj86gBDoX84QkXussz191BEKxLRTgry2HphWsrEvFJFbuRcIviMoqbdOgRQFLIhLt9oc6DnpDHxcA0eTu8uB7v/el6UQrrqOrVaNIyoeqwDniKyGhxcQPhZRzOu4CGDihySsFJClPzpCAc7Hd4dnyLrgDK7dfOGfm4vI5UQEtDb+ZusQKFobc6ZiHwF4YDX0QDyzi52Bn3qkXy8i5IJr6z7wtT/7+PhUiCM4TRuQp1wIW2lcmNRhhgFbGMkvi8g5CybJpYbGbWs629epjAbi1otF5DWdoRdQ9rAfBZSIyno0GJ89gy1X/g4RuUbDAXphqc7Ak8crVn6v+8Abfo0zugZrGXeHtpeGqkgzupz8Kkz2mwPKG4ybc5TSeCjTeNnCkcaYuO0ODYU0OTQwild0Db2Q2AfyuI0NaV3ExJKsVj3x1DZ0haoz8OQn+oJQTcc+sOda4Fz8MBIQmZDA+W8udFCZ9n6x+/Sq1oKWMuXPhgIRNxCRiwfc8rESpJgwYap/OTO4zleXyuE1mB8tQ895pz+zfwqsxcA1he0fwx2jgqxFhZtKXb4j0OQ401tui1Vn7Cb0rxwDnzvJX35bRG69sZOiNaeRdG396dR/x6a/98IYMUsJJubfb7BXmCLxJZaaIJVpw3RrXjhauSxlUh8igdZwRjtnTphW9y7INdjyg+gSRgc2Am1JDTyHeHpXXUhE+PnIyEvWH57T/9rPLFadsTPwE1v9wyKC9u0bzBsmvoVW07e0pE+sBe3eHIp6aN/8v0WeqjEml8x7g5ad2x9aB9qu/uS+N+U55ofP//bBsnLVKZ2Ed/4sFHrhfzHvf0hE3hpJV7upiHzAuQAQBtCuWDttj2A5M0i32VetkLs1Br5VokEzmC+/1VI5JWhuseqMnYGfOEreHMu/vdqhGa196Gr6lpaqC9yCZrG0qhZ+sVT0d2xNWoIUxj3lg69FJ6wEXD76U8NsOWVu1C7/oIhgSvzUlA76O7MpgID3ydALZ5JKZMfcNAIek76a9TXy3UfAK502f092Bi7y0yLyRHey0UB+dGPahJr4YRZqUuLD9AxD/z/ll+XdtRnN1Isk5gP+u5CKMrXP1Ht81H+e2Snz4hytybxjU1WGrvEPmlaUuazZj31MRF4Wqvm9b3ZvvYNSCuAmIbiS9nVH6i6ZY7ncvOXi2Bm4R/GCGVB5bCtm89IP9lCfRxjBnxer5f1YB7xTkwb4EX8qXIKaS5vSamHe+MuJL9i6XxkNBJryQyAe4Dcw92+oSTzXF1YSzOvdxN6QyK5rm0qGgMn/H1ubY7nsGvhGT8udReTpbm74/H5cRN650Tkf67RgMrg4YkFkRNNj6l5S82U+jAkgS6rBwF8hIgiET114fnPOySVE5DYhjxf8bBsopwz/VS7o6KLBPIvJHPwEgDlOS0yC0qj37kx8zhYVvWv94Gjj5FAfW/OWSytA8p1ydyDQ6m+lj2ZvbJpex6qBg5d9LrMzmJR/cNM7dZyT48NC844x77Uj6bkcOTc5fuZjA5/AakEwHG6oWM77lUWkm9SX+aYtpOqxmtGXofQKoxwrA8ccenkR+fsQgf6GFWjfhxymAEwbzTvmy28RtDZlP5gbzAqN/AoDHWxlvlPWOOcdhJxbhPgA288W0zPnrHPL71oz+kvCfmx5vn1uBRQ4VgYOibh4j9EnVHA8VnuUvUmZqMH/Jmhsaw1/uf54rRxTP3871oa7CreVbVtK0TzkfcGKBdQurRTG95DpchBrO2YGfhAbeGCLQKN91gCz2yrz9tvwIyLyPPePpPEs6avf2tGIpWoSMDoUS7C1Nex1PmQDEKw4BcZ3r2s+inl3Bn4U27yLRWJu5TKP+bsBCeHvNRHNWhPF+h4Zay/CRyu63DAUW/H999KorSh+cr8EJ3qhcpmR+yjNKNAZeDPS9o4zKYDW/YCBVLA1Is0zpz74GAFuNor7WP3glkg+bVP/RiGaJxxhdHoMXASaIKiSg3zMFpsa3+DB99EZ+MFv8aYXSPDXQ0JBED9RAg3xhcMI99as31HnfuwauNIhBVvM398oIqT9aKoPEK//tLfNd/PlLBDgSAyEFheyaGBjy6NWNnjhQOb2HPoxah3Z3zsDP7IN38hyucwwl8dKbmIuJ7iQn71qIF77huzH7gO3R4988ddnnMUvichrw7MK4sOZwD1xjlADHVz/pc+JLSjEMmKFhOy/pZaqqIq6Js1F/p4IuuCxB0JmHJfje6Qz8OPb8zVXPISoxrzOEJEHrXAh16QJNcqpVW7b2jnrNdc3tS+tma640wT6XX1qZ5H3MDsrtLCNlVCwDsvkERJj8RSqLescVVPOYcZDS0HIACDq40HoGKuu5QVAAgAJ+NtTDEjFre1dpSjQGXg/G0tRAHP4wxJ53TA4/KNbhyAdo1XMx/tFEaFS2N7XNrZ2/3eYH/CsWlglZm0p7bPF89R3/3xh1bnUPLQ8K4xWBYpSs7fF4N9L/esW+9L7zKBAZ+AZROqPzKIAFxLm8hiOOYE6+MEPhbnFcJefIiKnz6Lgtl5WLZVZWV+u+nevJCKXEhFgWYeaNR/D7D4nIlcMws6FReRfgj+cKHU9H5wl3C/ETVgkxVYUsuZ5D8Gpc9Ia6zXmgAB4HyPk9sDHGlQ94D46Az/gzV15aVzoMG4YtG9c3vx7qXay8pKiw8Ns7iciPxQpBsL6MX3urSFsEXilDJrfqZKLY2vDXM0+w6T5PWY+HutP/84c1bRtTd1afSvVj/eZ0wdWkpebuan2nDuXuc8h5AE7a1EHoRs0PxThdi6N+vsRCnQG3o9FCwo8PPiyvZakAWpoGofSKFjyNZHFbJF5K6PDUqD/ralMBNlplbI5e4NJ+iMiAlNSxj2nv0N/NwZw003ny+46wmDMegZ/3LSS0Rn4sgflGEaL1ew+hMjy2N6l8pr56LV85hp7DiNGE+Vi0prgreYBs9Eyoer7bTXWofVrq4Xp2ogHIV5k6cj6Q6OtXY+6fe4qIucx8Q4xt56nA/tAud1NBhB2Br7esbW+xJxZwAQ13QRT29Y+cBgFMKgWSe3MEJFNVO3W5ptD89QzVxGRR4RCOPaZt4vIb4kI+ctLSu64I/CzU6AHyMyWjbgFNYfzu5t451HbauCfFJFbLnx25s1+W29zp95NRG4aquBxT8Kw57bNxiJ0Bj6+tWpeSaWSaHStjbL9WhH5jGFaJcAN4zMqf+I9ITio/M3xN1gb0eXe171XBLWhFVP7+qEBFtVXSftDEbnBOLmqP0FQFyVXazdFAlMm3bXr2hQ+0V8K2IbKYW8NQ2rcgAb+xWZi3SOpmfK+ptq1Wc3yvaoL6I4i8uMNht+0O+PYGbhGzhKwo0E69neD87Baly32GqaNr9czs81KrBOo/70hzegOQTu6SKQPymM+dSXNKWXGH1vqm0TkXQHp7GKhPjcR5AgpXx/Qv36uV+wbI+Psv58/WDSw6uQ2Gwg4NbjQjgUCHql0NJDvyFd/sohwRtZs1kqp5m5/T9ean2IDKG1rBlzWmuMp/bS41JtNdkbHbDo+QUwrHAoOaY7/IzZkDPlJzcNqTry0iIAi9c+BucVqWk9ZDus4t4icU0TOG+kAaRFhRCVt1kppS7Spqev1w5wWYB2/S0RAjLKNcfDfbdJfVEhwGCPwp5ilh9rata2nauDvDeUlyVFPNS727yykW3+8nAJo4fpT/nabN2DiY6mAuSOroqRldoGGvVY4f/RhhZBca6UF4+G+uaSI3CpiMrfP/X24OynqopYIBfrJXcumnjs0Bm7TX/jvnMNgN1j9llbCXTqlZFMHJEwGjUwBObhofIOGMLw911dn/tcTEapm5bbXiMiNcx9u+BwXIKZ9LkqEUy5KtGkEyamN+IW77xSLfuqa137v20P0/hyhyZvJORP6A9M6X2DMQNGONYK3eIf3bZS21/q9e3EKch13iGWm9g4uuY+5p2rm5o/RaNW/75mBs1EgPXGY+BlCetLAm08FsxCpP7uWvBY4NdD0kSJys5GxkNSvufNgphdEAtLGSPx8EaFE49KNc481SXOza5hQdQ0vEpHnBFfAIQUdLrlH6pPVMVX79FY4FbYQski7o1Y3TdPwEMAAtiEo8bIJSx7CGvcY78eCCTXYld/gFDDWEgA4rMP66y1DVescggSFWg7BWrfk+TpprD0xcD4MyjOqJuiJppq0hTCsBRqx2gatMDD0xd8bA2DR6bxPRJ4bqke9YoU51h4ylgOqY3xQRBD8PhZcEZoyVXsOtj/VYBRMJdeaVDon3EG6nj1WfStdb+nzKizdTkSuFky+3Cm4kbg7MQUfawMpDzchmjwM+pki8pgDyzbZ/N5umYGjYfABKX62l2C5fGDWXDx8VF2Sm37coDUQjvhTU5YMImI/LSIPFpE3TB9qk296DRzfL+eLs9VaQEEw1SDKHGtSioBqgkwhkRGkhFb0KsO0u5Z94o7B5aBWPIs+t8nDutFJ1Yyz2egStzetLTFw1awxiwNPiT/INi4oLlTVGHr+6fzzhJYN47a5257mRKOSpvS2+cNtugd84ATtoElo+k6LCVtL0lTzN4xY07o0J1uZMZjiRDZre0uo8kZ+On879gaDxpKHsForsHOPNAU+FhP8J0SEu5VG6itWBSxsmPBxj3Gu+I3JWy0O9jf0/JCI/OxKWRh7pH21OW+FgWOOxUxlG37qdwSfEHnMr46smtQLfDqarI+W7hl7itEP5VRWI/CGOyJanBSwWIM2IKrtuSb3UqRXJuzN8Or7RCggjoCLDv8mGAG5DYb7ZsOs1dI0pjnDnF4XzP65Yx3yc+yFuoVSwmps/TA5Mj742Xvjm7YK0NgZ2vt6j2L+W2HgXGwX2ADFfe1gPnw+3vebueWkhGmgCDm1+E9p+m82iASJF/QlLA40glGoh72EdSEGeQqMIx/5sftD1QcNU/b5pzmZDXOOMgA4WJnUNTSnr2N+l33jfgPcYyieYw0aIRgQtBYDVfkOEblghUlh0rZFZDrDrkDUrXWxFQaO+fKBidzmrdGs9XyWAkHhgoNJ4P+rXY/bMkCl13WCaReTnRWCNMUFkx3nkdx5Im9tgBABM3cpMNH54gQ6hvfv6zy4NInQxeqztFm1B5LN/6J0z/h9GRH5vhC5PbVntFWsf+QNI1THWixVaW7KaQwbPbWGL4QobhUCFDEP4X9JGN+pNO7vVaDAVhi4XYoGk2gRhlLM8ApkWawLcm25IPSSAPnoiRUjOZVB2cAmr0Hi2+JHTb4li5+S71nSv31WAxb136aAP0wZW4F7Unmp9KkXZs4F3E2ZU3Yh/c7rRQThcGpjf9U14eMJpvY55z3qCajFgMBD8PW5H2qXY50zx/7uRiiwRQY+RhrVpnjO/vfYe6m/I8GeISLXntpBfy9KAVwHBLewR2jTW0254QJHw0f7VpOjFo2ZYnb05SHpEwGJvPFuFq//sQylANrREJb/VEReGhh211Lr70XvcWEK7JGBtyARmhPR1hpgxIUOZKlC/7UYc499+sA/azLUC5F/e+XGBCLVom1hjpZoTZynziCWOeG/LiIUstAGoyaqGlcMsSUE85H6uERcyTIr7qN0CgQK/H8sKRkRm3eMxwAAAABJRU5ErkJggg==', 36, '2023-02-02 13:54:01', 'data:image/png;base64,iVBORw0KGgoAAAANSUhEUgAAAa8AAADICAYAAABf7W5XAAAAAXNSR0IArs4c6QAAIABJREFUeF7tvQncf89V3zWl7JuaEpayqGVJIRAVyhI2LZWlEFDZ2gJBBUqhUFTKWigqSQstiwo0hFUFkkJY1LCUpbxUKLu0ypqGQpRCKRRQU1oQaO3r/c98yCcnM3eWO/e7PL97X6/n9TzP9zt3ljNnzn7O/L50PicETgicEDghcELgziDw++5svud0TwicEDghcELghEA6mdeJBCcETgicEDghcHcQOJnX3W3ZOeETAicETgicEDiZ14kDJwROCJwQOCFwdxA4mdfdbdk54RMCJwROCJwQOJnXiQMnBE4InBA4IXB3EDiZ191t2TnhEwInBE4InBA4mdeJAycETgicEDghcHcQOJnX3W3ZOeETAicETgicEDiZ14kDJwROCJwQOCFwdxA4mdfdbdk54RMCJwROCJwQOJnXiQMnBE4InBA4IXB3EDiZ191t2TnhEwInBE4InBA4mdeJAycETgicEDghcHcQOJnX3W3ZOeETAicETgicEDiZ14kDJwROCJwQOCFwdxA4mdfdbdk54RMCJwROCJwQOJnXiQMnBE4InBA4IXB3EDiZ191t2TnhEwInBE4InBA4mdeJAycETgicEDghcHcQOJnX3W3ZOeETAicETgicEDiZ14kDJwROCJwQOCFwdxA4mdfdbdnuCf/LKaU3SCk9LqX0f+af3Z2eHZwQOCFwQuCSEDiZ1yWhvWYsmM+/YV3xPz//Wvjs3wz/8z3ttp7/JzMzfuvh7/+98BKfebv/I/y/ZrVnLycETgicEChA4GRet4MWYkowGf8RY2oxHq3kf7UlOYNxLUufx75LjFBzcUjx2b+6ATr1rzH/l5TS/1thgrezA+dMHjoEEOh0jv7/xmJfO6X0ilkg6xH8aIMwxw9juGCnofwMnsLeTmw7mddOAE6+Lkb176SUOFD8uOakboXgrv1ETaimGU1Obfo11sLD2qT1iVj829YrjAzmxm/Wx4E+nxMCsxCQICVcEx7Sn/8923/rvf8rNECo47Mt4c5fEUPjTPA3v3n/PBcNyD905vXvp5TePqX0jBtABgg48xHD0tZII4GYu6bSOjR7v3/flNIfSym9YUrpuRlGe/vcel8aHOvnRwyNNbP2/zGlhNZYkliPnNfZ9/1AAJwBdyQglZhTSeBjhdKKWkxB+Ec7aVCrcNKtGFqDW1kiw3OaAFM7hT3D1YfOvH48pfTmeb2S9kEIkPFo6QakFMOCaelhXAi15tM6TEeRlm9OKT3FOv/AlNLXHzVYpV+kZTEzfv9LGS7A5386zYwX3o3bGo6zI6sEuOGWiZLAF32wt7Wa/tnICiOmpv+dsbmW9isppR94FM/KQ2ZebPrfSSn93ymlH8sHAeIYHxiZJH8I5h4pizH/vaxhyXTGQYMYM4YkqX5UPq5lyeZ/DQbmKwRmMHp+CEo5tbLj9v+Wen7HbAFwM7rmJ21Dwt5DYVIz8HetU2bSt0spvUJmXoLRXjo2M7eLv/OQmReED2nlv0kp/acZsjH4wKUbSf7/XX6nFGFX2iCQ6D/MBFfSobQrMa2Lb2zHgCXm9TdSSu/Z8e4lmmBWkZmV3wgewFNa2R4h4xLzP8eoQ0DmPzErBVHAqDh3+kHYO582BGTB4JzIHO8wfJDM7KEyLw7F/5z3/F8Z0Kb+o8zokPprTIyD9u4pJSQekEUMi4PHOwpIaKPcdVvUoq1uFSeckSGUcDi/LqX0tTfgz7zuTt726BBW9kvmYU/hwMcZzfm3vZr7mJ2b4p2ZIfj99w/lvNwqodqLIs68/q0JezDv/xdZivn2lNLzMpOKUYFiWCDFtXxXs7CqMa//Mq99tt9LvIfAADP72GxucikTgnhve3EJmF1qDPmqREA9xYO9kfn8UTb/XWovGAf4sxcyx2PBYA8QtGFkd/s8VOYFcXtB3hU2CI2q54E5uaPYpUTel6P4+1NKX3rnRLLGvFjbO/QA60basNcuaSLly1fGIX2QJpMbgb2nfGgPNDXOiqwQClC6kWk/0tNw6xLnBCH9LpnYQ2VeYCc+EaSMF+bfJYyF8BFgUZISaS9JEc2LckpvkwM/MCsq0IMDKvPHPZ0KopQeX5nwv37HjJk9VeAH+yoToyT+Mxx/H5a6v8pD1RWY5IEV+0Y63z4SAjAxGJfOx3+WhY0jx1za90NmXvi8dLiellL6jAw5D1+PicGYAT0ysAZsEUgxvXtkZs9KKX1QZYH/QYbDUmS7UmeumSnwAwKrffaKJFea4k0Pi3YlAQ/4yQwozUpwPE21N72N1cnBwP7z/C2mRNwGd7GXD5l5fVFK6WPypvxoSul7Q4CFzICKYFP+1wwKyq7szMxNV7foh/mZlNIbVRb7H2eb+Awsbv2dUmSWcOAW9+ka8BTDkp9Ec7i3oKRrwO4ex0TAg3Eh2P9GSgna+am3vpCHzLw+OKX0NYUNUBg7m9UbDj+6j1vM7FYqSXxTSgkNq/Q8JM2rtXelKEZww03Br5tS+paU0h9OKX1eSunTW53e4fc1hoXPUMz9TE+4w40dmDKmxP8qa9cI8wixN6uFPUTmhRRB3tUnpJRe1TaOQwhR4iBe+ikxMw8RZm6Xfsh9A1FLD/bv//rSE7qB8RTFyCFWkjRw+OWU0l+3+YFHHOyH8Cip3k2CJ8N6CDs7twbOADRSrhDw/Bo0szn7h8S8ADq221pk4S2t1cNXFVSggAIFgDQ3b2cDTyeIXd1DuPzO5Tdfj4wsvkApLSqSXPt5pZTSaw1KyBLwOCsxTxHGfGpY197V64/vwu1NamG3RNBntwsiDNPyyCdMgzgi/1vr9JYj6Erh3kczs5N59WOcpxX8bkrpZfOrf/TKEVpvllL6rpTSH0wpfWJK6XM3liSzIERJKSCcE5gVPzdrHurfprPlYgiAJ+CGtDCsEFQsugnh5p6ZV4lp4acAwFJzVSKKPb02oRnBqxYzW3EX0Mm8+nfkf0spvVVuTn4fju0npJT+SUrpC6/o3Mbsq9Jnv5BSev2wJBjW+6WUqB0os6BC2uXH6ofC2fJRhQCKAHhG6hGMi7+vnht2j8wLfxbmDte0sNHDtGItNP5XeZR7DkJwZoY0hCSkqh4yM45KQ1s+r9Ns+JJkyjWvL0kpfVSuwP/+KaXfTin9AysnNroPewgidSi/1TogDxEtDEaliuz6GoFHgt0l57hnfee7twMBBCG0MHykPNAf/GFXw6V7YV4A7j/JTMtzs+D+SAU1kwcAFrAfEkFWnpmScUmg/jW7aqUnAMTzO9wUBmI+JFitOP7/2IJ/CCV+tZQSJjvSL4D9t6WUnmjFgy+VK8McfrKyQOVh/VAONnnoZkEV2Y6VY84bvFecgBf3gWCEEERyM4wLpeAqBZRvnXnBtEgwfqpVyQAZkQAAYOtAOoF+yATZoxlV4sqjGUtVJRw2urpcKOqV+Nei/n32FquRyH/69JTSp+WyYRIoVBNTteOOONiKECRg5JUNpDCyL7+j4tAlbPCkaFkcYrt/mlKCSb3KIDqpXJUudjwqVWZwWnfXPGphWHGgGRd9bpV5SdMCKJ7RD8Pip1dVdQINAS/dvHpRgF9oMDEzaWaYGSMze2ZK6U/k+SAQ+F1naG5+geaFpn2zw7j5mUm6/1TfoeUrbw64g7uYuPkewWkvE6NPrA8e0h4BdqvnuWdjcQWIKfe0X9EGOuLnYoUvecW87qUPaDE4yeP4f5H53xqyl5gWTnEyvj9lAiIelPAoMa8IKt2NJWaGyg9cJbn+UkrpdeylRxlWJTRDi4IR6fEKJGgHEECYf/Sr8h1MDMLMxagc9h6Trs8Bgk4fLnixP8yJRPx/Nzf+1Y1alRNH5yKvAB8x5FiqjQk4M3ErC749cu9iaS+Ykf/QJ7ivn9KtxHGhP5/NwaRCnHUw22jgCsJPpZTeq8Mi1u61o8UtMS/P7mbqMg8CnF5NKy7ZmRd9cLfX+bwot4eLJ6kYUXpO5vWSUPEDyjfRBK3gF3AMk2LEV4gnbfjhZm/6a1W7h1nSTkS9ZC6H0HqEIcEaCCK3/sBE/gdbm8/3EsUE2A8FtOg31onSo5QV5nWaGcswgnZ/ZUoJfgLuI6RxRg59boF5YQYh5NclLxAFgMwyLQENJIVY6LmF9R66oQOdu2Mbe7XUf7oggINySPdaMX8ADF1NY2RmySeo4KCW+UTVvNHUSnkzCFycB+ViwbRK5nK/9keLGLl4tWvhixuxJtYWzfe3km+mxHTSIJ6co3odBLpJQiXeWj73xeC76e7YU6wBWHV4YPRYKA5j+Nck5iAKiOy+FcwEEIq9/gHfZSfSt5yofEnMhIAqgRsJiUPppaIoZExdSF0r/qjfjxVz4ko+QQQlDiqHt6ewse5Voj2lp56dg5NE2GtMS3gSTZloXGhet/jUqt/8dErpzy4+7yvXL2amgtvuFxaBZh/Ah5ORvcg8i6DlJvbDgjmuxbyQwLiyxIMxWCSIsPqZTVRmjkJWCAn97NUEV69ttr+/n1J6vfzyG+e/2Q898QJP3cTKbw/+kAQ6O497eS8yr5pZVe3AE27w7iFo5GoB79cI8N9KASlpXVz5Q2TurT2cayrgxBuVvZjArc25Nh/5jBHqopnxQdxOvGgjgA+0XPTzEC3sGswrMi4IAQh+lHrpkWI1iZiDpXu+IEAl53HcV2mHus5ckUu0u+WopY9IKX1ZXsxXpJT4PxLnrbSCeD8Wmi2weMimlMgs2HOYU+mRiXGrDe+Bc2i7XovzF/OB/3tZgq1VMfAoL/pS7tki2rOsm6gdIgQeJaQum3RnRwqCYv9UCIFXdTtxy6fZOczdNgM+0ASHDXhL0e8lz6WZV2RcUcJfsqjQSS1RuXYFxOo56J4wiBmIDWM7ilH3zN2DD2Ba0iJc8xrJifNbi0HUa1fL74HBTJuY/Lp1diQwleBYiqhlD9gX3lNwB0Sx5hfTLeFah1+2OrO2I96JQS6r/NhHzHVvnwg3MgNL27iZMkp7F7fz/YgHv55Llu12DV2SeV2DcQF3Bx6+he/INllydVoPkiJI6OYfIvR+M0cuRht4qz///ujCu7W5iLDiJJeGGTWLHp9Nqf9StXy/sfiaTHtkb0ptR5gXcABnwA80NNZdYlrsAUSvdpBFEDFRocUQKMI58oLT/yybHG/JpB01+UsIqXv3d9X7CshR4II0savXAly1wIl+wNlvz7cf6PURAbk45KWYFweXPBcRy0si81YNPweKCpaKqfT4K1iXcknYINn15XTn/1oIbtwQmd6OdP569GWMmHPivKqIsW4tBh7kKynw41Yu5Bw5h+475b3W2REBh3ERFo5AIPzXrQe9Pl76gijiCI/VUCj/9HYjCzm4LTj2AjsLlzzrBy9tqPvIxMADTGa7NY6hWdxOY1kU8H/qwWxORRjyw4af1gEc7rDygvudMJspDHim/z+Zc1lUy4w+nHHwP4RGP3/cKknE8Siq+sVZqj1aK1CCpH4zf7cH+9xIOKWS+Q9mYsXc2Cv512bgxjuuhUojUF/OvI4KuY63Fruv7Gj4z8JM78UqGz0w+oZsIlEfo0wrzjkW4uX7P5NSotL9rTzu59p71m9lTXvm4RXZ6Qf4XKr25Z55H/VuNCMyzsfl2xmGxrwE8/LJcngh3iMmDgqfwrA+IBdDfc2hFfY1lp+G3/gferSuvp7brRQgwm9VjG+9JcYsZgZhBbZb84ZZov0iAZVCvcW80EA9Mqw1l9nvFfghhsb4MjHeorM7Mq/I/CMcHO9Z21dtXJTaC8MYAMF7JCoTaXgLZik3F4JH/H/rQkkv7Pe0i1oH1W0w/f65PZ3e8bvQ8ueE+X9PSumjR7Swo5nXHmSWqYnio5fOX4EJiKEhPV5S1VduiZe0YZ89dH8Lb5m3/6iEjhPfUr6bmNe1pGXl0sDMEFi+MRPkWyF+kXHUTKvxnrmfTSm9YfZX6e6tGbpTCo8nyIZD75U7jmZishjI8uGRue+UUvr9eXE6Q/x+7SxY/dbMwvP5g1Zd8hxOTnXzNWCFUKM8KGCDOfne1zUDK5LAEVIfH15GK+XaoWalmCOZl0v6zG8kCAACQPIiHHrrcW1D2gjtqff2DpUXScAltJinZrYrvSoJ99pagYiGTKXyr22thdDrN8qLqu2DmNct+ChYGz4DfvCfqCbgiMY+c6C23onmjhLziv5VfBzMHZv+m6SUuP9LF6WOzq+kdfleyjxFRRn5VvC3Cj9iVQuNL8KpVI9STiP7AcFFsOhJIxld20h7Re26cHlNvBiZu9oCT91QzGf8zZ7d2zpm1u7vIKQSyPHWoSNoOX7iz08pcclq8TmSeXFg3zSPOnLFBpMuVTTnkNEnBTNbkgq+ore1FZM/87r5/xLRcX+UzHdbkYS6hfZoKXcUOSAsqtW2tQ43z8nUKOb1VyaLII/Otbe9mJgu4ATmrf3v7Xuk3RbzQksGb8Ug0F7BYcGWm4ypJUnZrd7kZZ8be4rJ1x8Szd/APqAN0uxHppTewjSgkTV6W+6HI6r2VQsJxsBfJmv99pQUNLCfMEaH5YRrTEaf6NdmjYri876AM4V6fyDPS3C/5XxL5o+wA17phuKL1AQc3YQLtC/5wRj2edmUWDzvRzEvDhCqH89IkVe/bl0wg1k9Y5Bg+f1L3525t1T13hBNL975HimlNzcGqLkhKYmRjVYLvwBOPDbE30wp/bGU0v+XUgIu8ap4iA9rAIF4/nSOALrU/HrHkckFpoB2ofuyLuWf9JJazFlCUCwyi6BWKibNvGFwHESqz49I2exRjFrFZMjZekoWWF62F5CT7cAdrtApERI3aY6c98mpPCYkuKDWsqBIq4y/Y1X62fnseQ864zcUP6pRiQTWfVLl2qoizT6Kebl/hUP3Yx27y2GMpo0RU6OGcGcg17NzbYT8ELTpZV6lKbs5K2pmt8jI3NQkE1YMlIjrIEKOK2hu4WDX0AZGAjMg/F5leY4258bcJZgXe64yZz3VI1QZoxcHIWwc6E/tOD/eRLcHvzCl9KTsV/iCnOPo7aTZkLv4zuFanNqQ8doX2rnkvCrNYnDJCe2WEltKXZHwST9bzE3+YfDo0sFavkbwywvbIlBC/0aEnFGY3WJ79gBcjA/7Q1QtubqPPUcwLz/kvf4Tl2qxcWLrpHQRh2/0Kd2e7P2vumgR4qmfyADQBkA+1n+NgAMOLtFMMr/i1K8dYPaLdl5VHpg7M77Ve40U3ML+yqwI3I9gZDFg4k/lNAtgPRJZJ/NaiQkgHLFPCl5pRX0yLuY5EpXxHWA2K2lGwAfGiekRggh+ivn75Zb4kJkfRJT9l6CDectxPM5dOXCe+D56bi/RXhqba23RDMl5Zf3g/DXObrzhnP8vfkvxJTZjYwwUEPLBnlhog+CHIPbrRzAvN3H0SGFEIhFEoYhCogsxFc4+brJUDowz1CPMGluMDGIycwnh7PoheGgDyqXrFSDc54UkDsycYJX8ZLNzPOK9EiMD9iuTvj0XTlGErKUVNu/rZX+YF0RTSdxKF9hiVjAo3sMEzPPe+dqaXljKPKXwdQkzzrBqxFpzlumSUG/SV7g2x/1xM5aS3vkf1U5VYSQwuHn2WkIouAzNwLLAw75L6DgKDrfW71bQ3oeklJ61mnm5htPLJLxQLFIkzuY9z2enlD45d6BCkF5Zgq9Wr9vnK0bm1wLw/SXKxETGNVJPToTZBY5aFW0daplabs20ERmZ11vco0XGKhvs6yjBZo/I7/nMDSRXega+Vu6W4iG9gXWpBmWPYBiHADcpyox5DWaIoMclgj1PZGDAgjnJl6c58nmpsoxSP1rRitzuzdwIq/cKNpqjmwV75l1K7Ndty+4v1bivmOGMAOeXtf7DlNLXXtiaIo1ZAR3g2my0ag+sbrENFg40fY88f0zBWU3E/XD3Hq6PyT4WAPcXU0pP3wlBpEGuouYh6e2Z+W+XmlevuzRlDp7f2aQ2RzGxyLh6hQfNq8S8fF2SUMXQXEIVc7iWmXQLZZi3NBukOTQelQAT8+1FuZio3KvV0j9jI9B4FXmNK2aliiN8XgqC8FD8ngof6h8YeAX7b8taNRG4EIYe85gYCSboV8sdY16jNFXtRu5euPa2m72aqDdHsnceuDMILsN8dXSgVgzoAOYwsUftkUXt9/zFK4n4jNbFBmyVLJrZoFqy7ag5c2bs2jsQLtYZr05YlaAYGRfEkDFHNKIW84prk0Nc5haI2CtkxgCCXSOcvWfPvN6iTKMK/W5pkn4VCaYz7kTbgjEwgmHBdKLGAdEj1B2TY8ns6ME20u40/kgVlHhTuQJ3gJX6IyCE9BJw4KkpJcqmvU7WfDzwoQe+nnvp1wT5u7XPaYMbAS2npB31jD/SRnvCGmHISrCOfSiVhvzR6If5nWxVwcf8WSODD7Z1+gotQ+i4VKTt4FQv03wl8/I8jxEfwMyBrEHHpVU/pLT3+fVqhat3ocTEmBfEvkf6Lc2HNROCLR/XDOOi31HmVZqLFyNlPeztreXClQiTcuKkmdXMjI5DW1YC9oQAGODhfiz2RpcwqsAuYxH6r+hF5udmbmdU0vx6tGrmAEFVBC+3Fn+e5W21kpcjnBR9CsH0MmaYHT8sN35UbipHIGDN75YFNsEKcyf+e1IKjmAsntxM/71a82o6dhP9rWReumNoNOJo5EC2gOaBGZFBuYYXGVur39Xfl5jYN+cClSNIDzL7jdSzjGsV8xKcONxoG2iaMpMeEQG4el/oTxF20igxM4qZOTMqCUAl06ACImBapb0Vznoifyli1veoFWrPWOTrvXIngEjix+fzSlnIAxf5rKYhwVxZC76Y77NqNtcSCjuXeUgzcJ0AAvLtsDzoeW4WYEbOc88Egb0ueWR/HkU/2GNwWsW8POJoxA/AHFYyL59HPEjuWG4d/h4kWtEGQol5yM2JvVWnIaT4MSTZ72Fcq5mXYONMmoMmTWz1gV6xF7U+xMzIt1LFGNqSC0c6B4xNpkFpv3zPOVACe2t+8mWBs8CGklh65NvaEsyYIzhE8BPm21rCsi5CZQwvs6SxxDSZTys8W239ipZbq3Dfgvvq78EJ8kpd2yZv8hMP0MRKZuXV67np/lYxLz9Yo4xBppgeU0gPMGX+irkozthWjdUzn542JU1Mlw9GcyIHA5OUKmLQ/17GdRTzciam+6j4rJdB98DuEm2Aud9RxZjPz/UK/3lK6WXyJNCyYNDKkxqZG/uMlvcjKaV3zS/WtDEYmvLBavUG0ZwgnAiHYlY986E/5o9Gv5UkG5O26Xs0fL9nPvfYhohnGLkzMUU+r1yPB/Bc25q0cl1dfd0C83IJjkO59xHzKoUw67tbY141Is/nEB8FQET/Ft8j4YPEI8EZJRiv8Hm19o75+3Xpqo5x634xSbn4n3DqU+9PDzX7qIDNZ68VyoWN7AmEjoowmO54GEsVMGBqT8tpJASKYOKrPeSfUQB41odKvwqLxyxY86uU6i0+imbDLZz/9BxB/fK50RGlnyRssFf4vt+3dQgfyve3wLxcglvh8K1pXuyZRxyuWvsRuKA6fp4rhvRMfo4IJ8QNxF0V1XcJ5uWw8uAO1nbpWoW9+wYh//VsYv/O7KTnXZgEaR1YDsSk2DcECfYFhsOaessOUcyW/skz4mFMqm7XHrRtivNyfoQTqwQZjYm2AA4i1Zduffb0E94ZCd/vhf+9twN/KDCLYKPHBdIV6wPfvjrjAWdpVRTzirkd1scqAr7HbMjidAhWFIXd6sujxVat/bDNyZL3p2QThI8D4SRsd6Xv6NLMS+sBd6JJ8VqV40t7SRj5X844Cs5wyzVCRMs87onS5FPxDkRLQRAIUjAqQsNZv/vL4jwwR6qMETla+FUgWEQT8iDI0McRCaxKlEWqj9d2ROZ1D2fqyPNa69vD3H0vV16FEq9ZwaIFjj7YZxWyrWJeK+y2EJc/UCEut1BAtBeZYqizmLz2bLX0di3mJXjIpMhBh1DDmBXgMWJ+64VvTzvw+jtSSph9uHLjo7Kmg89xNDBJuUIEVLxfzvGSOcnnwj5giiToAvPf38oMT/ujK+SdcankU8+aZtoosEhmRAlN+AE9f20VPZmZ462/owIOXItDwi21+8Dz1RGDnouIgOQpGLcOo6H5rUI26pyp2u/X5bpnIxNRxGFLmu3pU32ViItLQLdsn8f0BHK7w5c8HZzA1LbzQqmr6p5dm3n53uoOL0Vh1oJXevBhpg3MAPgrF4o+dDuCBKBRv2kt98vnR56Q7tDicwgdzAsipFuYCcKAqUnjOppxaX7gourtKTy754LOGfg/xHegRx+aFyY65/BbWUUeQYn+jmCON7M3q5iXa14z4bJiOCOXVtaAKMmjRFzcybyCUa7eyFJABmYGkNx9DhASPvNK8LrIblZLuSXm5doYRBtmhtR/dOIz8IdpqYQTAgPh8X4TwSjz4mywT/GCVUx93LVGoqvKLUmgYn9hUNQh/KGcPxTNijA6THnUA5Xf8xKXL8qMSJoG4zEHmCya4midx9Xn51b7e7OU0nfl4uM/me8G1Fzd3LeycoaEDfnNH9zerGJee81xWwxnFCFduyqtT0R6BaMcndtWe4gchMC1rVZh3Vh9GsYFsZ+J3hNcbjXc2bWx1TljkWkBP3Ba1d897aKHebGHVARnLyLTgWmB76q0Ie2yJEwpFBprBlUb9HCxKNefgN+lq27EzFSUFpOVTH0rGBzwQrJHS8QMqmfUlLry/FyjL+BQutmZubxNjgqluDIXwOrWjNI+e/3C1WZEp80PioEdwbxmIgZ7CEIvcrp2VSpTpYjDUbNP7/gz7aL5pediQx8n5olBqPAfjjjwb5151bQxRSnORF1CNNC0ZJIDJ/gbHBEexYoxSnYvVZIRE/Q7sjRvlYaSBu1C1hbRZw8pNO2JxzGHUSH14IHXIuy5YRhcidq6Pqtp8focqR44iY7AzCiGzRwkhHkSM7BQzUJ9Xxq/dIY4E3pf36sPfsfgEdrQHCNfAAAgAElEQVTwudcvdBx6oxws88M5Z691bmVCFqxb7UvfqxJ/7d2jGI3j2oNhYEcwr5k+BVwQe0Wul0pVlQJAlLNzC8yLw+WXRoLUIxcbxkMA0USilzQI4QMGPVGJt2g23CIQwM6r9o8EsCjRG0bF3zAi+nIGKEISNXQ3kQvXIWhoQkQOxgftmT3xvj3puZVg7vU66XsmqAkGI0Lvfjz/3OctbTFesjpDsM93XgQBzIZErbaELM/benaOLF0BQ09oHqk9u2LsQ/qYYTSlibjEMNOnE4QVuSJiUEjQbJQ/e+e6aiNYM4zLo7VahKxnbIiUmBjEh6RWxqGQ7JY/7N6Yl8PCc8a2mFiJaXGoSxqq/LAxsCcyr6g1My+YITjIT0lw0FXnPbl6mJLlL6OOINfd38IjZsgVRO9gfq9vtCuOfJ7ONPW5NCM3lfNdS2PsXT/wlabnuM+eULn+yVljWzVenBf053O5OLF3wrmd0iCAC3PF1FjKsxvs9rE+5AO7ewY2w2hKAHOuPmM2pM+VxNPrGLaIzygC7G0vAurlnehzdYKpEmYV1CE/EZpEiYmthP9eGM2+7wWBIxOTeVCaVgyCiWP2MC/aOFEmafjjGuZaJyB/LaX0sRuLdRM4Jjl8XeDznuoZs7CtvSc4PSOl9GdzHtzjVw9i/blJUsR9NkjJpylzq5tdo4kwXmz5MznlgUoalAjjklHu+ZLAsmde0Z89YlnYAr/26+6r0q9iXi6NRnt8Lx4rD2LGLFIaQ/1FO7ObYS4dLv+klBJSt0uaRyaYAhcIIIRaV4qrynsM6ngIzEt4AD5iqiO8nVBz4P7qWSNqMS31oUMeJdRSTT/e6QkAcsbVCm4AR3483xlG/0Tx/oVcYxG8vZXHmfw3ZbO/R2feyjxXzgNNH2HIrSb0f0QEs+MyY+ytCwpesWecjbvOA1vFvACq/Ew9h7iESDrYrUPdi4TupIxItVVCqrf/0XYlvwiHHK21xyc1Ol5sXwrqgJCLiT0k5sXaWS9Req+ZAfHtKSWuFO+VhmuaF1I2dQb1YCJE42tpQ17dpeeMfGtK6T3zIJh+KQElTewIIjmLXw6nj8/FeX8tpcS1KrEix+wYt/ReyUys+a0SvEvrddN4y4rSghe0CHxV+sldJjKvZF46nK2ImhpgZXos+alam1H7XnNis93csjIpumdu7qBX+2uFpEPUERQU1AEsOHR/J0/s0tpoD/xG2nAwyUGCoSgs/VdSSlxpwmGF+LSu+2A84Y7Dg33ENDhSSzAG5fQIZ0TCYZLS4+/49Skt5/8I3GbbOvNirfjoKFhAaDgCEZaYXoFhdg6Xes8FEHCL/0kVeMKFzg7w9fzOPXUMEYTYO87E30spvfGlgLhqnJXMyzWdGb+X2/dXBG0AI9nE2SA2SuYW5ZX1SMB7YR0vjKS/WdPq3rn4+y7J+ef3yryiL5G95aA74eR/iD83F7eKl0rCdmnacRyYtc6PiLn8Yj2Mi365jsR9afE8Kf8Mk+a1GUPUUGFYEFXmJiHpIVxZ74zLte1rBEHEOoaz160g4GHqBY9vSZvvonOtw9fVSW7kviQO37uMvJzbyvS4krh7MIlyHPTZ0eHyJcZ1S0gCcQUWXm6Kwwic7unxBG/2FCZTM8V6xX4Ib00zUNCPCzjyowo2W+cH2HIOFHbey7gwbRIiraoVJf+RzD70z/yv+Yh5icGKmOt/lZS65yvrnUGBX+CGhAatv0eYWb1PnFuELITz2QCMvQUmVq+pu7+VzItBcTC/eR59RvuSdLNaI1JiMuGxqnpAtfafTyl9hhE68nRoA4LufUqMa/W69s5R78dcIpkSW36cVePP9gODUBRhqYzWVr/sj4I6VFrL28sSIAEn3l9VSlLW+5Fxjex7S+vSGNICVwp6M/vAGaKChKwlYvoupOlqFeZ6C6bO3nVyLgj9f8v8QqnijQs0q+lpzzyjFtZzC3bsV/TxrgI4VgN7b3X5I/xebFR0sreQAqmKQwYzhXiNBlSUGFev5N2a21HfK2CD6um6e+iWr1XwXJiSibAXTsqJY/3RlMhnSpz3at30XdPaY5mvEcZFvyQ7/5FcUaOFM+AnOUoIitcyHxIa/lbZJC/GxHkBdm7WFLO9lwoPquGoRO1aKovODTmaW9fa9OLjbDu3MG1ZFEr9u/A6iq+z89393mrmxYTExTlMo4eqVL1gzyJL1cFn+nNmhvTVIhR+6SXjtYjQzJxWv+PlobgrTPlhK4uFrpiza1sQDIjMCg1R/jA0H1UlwZH9hjkkGqsCBXTxl6FlROZVyt+bIdRcQkn/ukl5C9cYk7UTbHMt86FMau4rFaOK0XeqHkFAza3eNVW6iuh7cqpJ3Asn+itdEMplU0qN9rlFdzwYa9SMeHfmwyOY1946WiRics8R16wQ6jzzIAFxQEpZ/TP9xXeQeJFQSiaQKKHfS85LDJX3UlMcGl2DsQJ+s32wr0SzQTT2aFu18en3mSmld88mRfCHMT8zm5d5jyrvbxuYF22oYiLJG6aKJDxqIvPk+l7fqAS+I8O0t/ZLRC8G+tTy5BTlxj7emm81hsGXyoY5LFzY/sHschDjiVoYZ8jrOHLnILTuN6wGY6w0UoO7kqWBsYouy9VBH9LIGbN2C3apbzcfxspEs2f2sPeOYF4e4TcT9s4VD0/cEf2yZSJEA2JOcnICWG5v5o4kPSAdRATEJJFv6wF5OIAyK35EvsZC76yUxg5DgtxxKc8rhuauvHNodD1ogggGe2o/9o4JDiCEcfnkK6SU/rb5PfCBcJmkSvb4FSr0P1spBVijQcFACdZ4ud7JZnxmHtco+VNjXkqGJSUjVgVRwAnrvYWE61iqDRxjXeBbfFgXplre+ZB8Q/bAVh3aFNoGLYIuCYcZsPfGZmfGM1aDQxcXOz+CeQlYqqE1GrihwzCrsXBfDvfn6FE+Bv2Kyfgm/VaucVYyPYGotNVPiZkh3dA30jZXtL9SHhiJ6i0m/GUXRQAbbCtJ2YuFst5LOt49b2uWMczCVJoQNxu/cu7kS3K1CyRtvw5krwnTpf6fygJc77zBU3xPr5JSQoAC93i2rj9RGSTtO+ekt8K7z6vGvGjjDCxqAPoOM+y1csFKJkJdhyNa4cxKmvjWvqCt6d1YTsrfe428T88LNCJqaP6OCilr71S+is9rRZT/eS5d9cIc3IQAuuXDlxl4Nl+3F2d3tzuKeXlk1qgDUARjBnixdA+X/aFZlTaLw/T5GYIxibkGWJCG+XFg4z0+vxOk5ZlLOXdv6I4OWhU23BzBMLO5JSNTlJkQHxBmuBXFSUfGFz5pb0l2fly4nmQ0yrE0PkQILQQYY5Yk6jWWHhIzQIDiO+bG71pl+DjOP8rEElhumafk30V6R4BsBSttMa/IwKLpWTgF4b1klQfgFjVmvw6HeSF8o11vVdb3Mw+d+fIR5FrcVoxMeCHcKM2fPYaxssf8eHS1+/GuHcm6CaKjmBeDKoRU0Vq9ewXiII3xjGptHmaMhNFyYvsdQKMaRYxG8vWNMuxe2BzZrsW8NLb7NDkACAGjvp2edUBcIIytCzl7+trTxnGE24t/f+4MiRat/QtSSmhjLSK/NQdJuzBChAL8teA+jArm9NSs0etCwz3rGX2XPWZ+NUYm5tUqLCAfWMkcRf+Y4o7OBYMw/6V8P5qIOoSbNTA/cJsaoPHWa8EM7VQEX7/Vz5G0dHTPvD1rJgALEydV9IknKD3QS37YZ/YDONx0oNmRAHczyKj9VIxvlPNDRD4y7wzhxj/a2HXMMzhOVf+O5iPh4VTRpjK4P0hj75tS4qqIe3pGLqPkQIjg6MoVKmqveOj763O4eG/QwopxS30gSP1s1rb0vaRtNAW+RyOE8AIPhJbRyEe3Unx2SundzL+2tS4YHWPJNKVxYX5ESKIJkLMozQwT5z/IuY01c5bMUUjvpWtCxMgg+BpPuZk9tESBBKXgHxHMI6rmsx40KZiTHmnMMCEEpdIForT9uZTSF2am5Xvr+3Yvvm0v8kskLVfscN58rxHi8fFSZGJU8TjqHBb77UG42Qm5+jlqApQkOqrBOMPsIXyYaLiumwPDwZIU1aNRxFJBEU4jF0HOwnjleyPMS+MCgy9OKb1iPtx7fRfgDNozeBkvh1y51lZfCnvXZZVq/wkppXfKUqlH10HIaAuBhBjCQJBgex7lSdXaIu3/ajYn/oiZe2rtFVb9gp3BEPL3QtT5ieYnrmghJ+1N803EvZG9wIe8MExsnFEP/waGMJJVDKyUKoMw8lU5gnSryC5aB/tYE0Y8qvhakZ49+BXbsK9KGv/HWfj+1LzH0jz9nZstF3ck8wIAXlZlRPua9Xt5tN/X5iriWxus+QEHNlXSn96pSdMlpMc5jiZHeR9/VAi2laMxg4gr35mttA/DgVFj4hrNLfH5i3ABRy+/s3KNPX1pHvILQaQVhAOexFp+3iew0O3OmL7Z+3j1jNrTFsb/HmFSrB9YYuahsvwM3shXNyr8bcFHTIy+o7+XHLj3GTCdQiw/ObsH4kWLKxhYLRDDmZHTJq1bhZxp14K7Stnx7qh7owcPj24DnqJRUmTamS+CGHirK5TQ3v/4hEXh6Pk3C4vunUDUvnoLic76vfANIFXxEIzx5xsLEBNyJs7h5HNXpZ+bNxOJkau8Me344/XO4ubTDqIOgpRu7N0L41Xvi3nNSpGzggp7jY+Hw7SS2I7CBaJJOL4CJUTIMLVhjuZBChVubPl4ZE5kTcA1MjH+ZywxSEyR4BUwlPa5N+xdmsERkjNzJCDpY3LitmC9lf8Y94M+VPcwliMTAxvJUaJ/4KlyYfyvPYw3WpcY10gkq1tdrl1ZI8JVONVivrynnDu06mipchiN5ouNnr2p9kdrXkzKgdBjyvODAPcfIWijWeJbzmZP0mVOVD7ASU+Iqz+1gIJS1faYFza1aQe9JD/jyB7FqXih0J6cMCX3IrkCr0szd0WVgQc69FH6dt8GxBqfKppRz9nx6FSY2Fdmf2hMYKW/H8vAlNa0gumAb/Q9WummB8VYG6bJ5+dyYq6NjZjMPQ3D85FGy0nRHiFI+1hLYo9FBFjriFVIwqjWO/puD2x724BH7K9C+CNecablF41RhRqDd9gv1uNFuWPkNu1Hy071rmOqXc8BnOrYXgKZAKJs5r0SpZB3xF82yrxUD2xrTiQ906+izBwerWvcWbukbL2HFFMqBLsXznvfV3b9HubFHHpL1IjY6HqJPdF6o2tH6kfzYQ41puV9kueF6RCfE/leJNGPnB3GoMQQeX96VDU+CmcrmZfO3hHV53U+xWRLwlpvcqw0VbQm8EA1JnuKDwMvmJYI99YFryVz/6iQ4FVQekp4jeLmVnsVTsC3Sv3RmehTCiljlfLoUdfAnIHJGoN58UMzDR+Nyl65/pfoa+QA7pmEq9kc4lIkU6l/2ZV7pRtHrB6kjAcwzqHk8KXNd+UQ6d6IQpADhuXrhlmwrtHotD37sPWufDl7mRdjuP8wlpbiO0opsVeXDMVlXDR59tyDCxSezqGtmVoUUYfmTZDCOwwwL9YJcZU5Eh8a1TNeNqXEjcNcPOnjytQ+Gmlb21udiVlzcK1fJTRHaT8yMSXx91wASl/sA9qErBRiTjGII55ND3kvzZnbrxFE/ZmBsV+BMmIVmjm34AI4y1pr4fv065Gnvi/K9apVClJ4POeQttAilAwxMAm0rBP6Jd82Y3JTNn7Oqz2XYl4skAxvCpuOVA+QpATC9JSRcVW3h3mpfYk5kr+zFf49ElKvDXazmj6b6ecIhFnJvDS/6AfjYMG48Bddwky4dfiVz9JjqvSK3b+UUnqdDuYFs6R+nzNKbhj+q3ZrNRodic9ezV7MayWzkams1+rRwq+tcyPhJd4TN2Jy8nPC+YA4IwBwpokO/mjTtFpMS2vBxOmJ370CscMimtKOCtRgHCwDNYZFxCSR0qSUANeWf0uRo1wDRfUh6LA/vM9Z5WwSMwCz43/gjjbsqQCuvfbS5RY+TX1/SebltubeTfeAj96DJ1W3R4OQPyO2/YCU0nMCRCk79bkZoRSJM+PD8lBVDTHTz9SGb7x0BPNiuJhSgIObw9k6cLPro29Jq1ErgGFJ2hwZ3/FQ89o6O35dC+29UK+kWflKReSpsAEesg/gcA/+9sJoVfi8CyWsEbhswdGDMniXtfdW0nDtHaEHjfVNzHzfy7QYN5oLCcChbuXo47cpz5ava41Z8smxVvCC8VdYahQ5WkqBINcQ4QANDMvSU/KEY1CbUotG9rS19qHvL8m8ZktGSXrvNTGJCPcmDkIoHBFLjOt7U0rvbJCNphHmCLEZ8du4o5qur21LPop5wUyQEAl0gQCR2L2yzJPMgfQLcZMPC5iqrqUO/gjDigeJkGHdc7ZVONeZtYI/IJ48IkxItJwHzcd9o8wVmK1kXowt8+FeU5cCNcR8ewiOM49RYoep79NyLiFjYbrlxglwqvf54ZTSW+fGaHDMB0vQyBMFmB7Lzmj/aOoSuEbC9kfG8bYeUOQBN383pfSE0GlUHoAHuMp70D3gMUL/Zuf8e+9dknkxqCLaRoIwpKpz0Huiplxy6Vmf7Lz0zROTRlHPCY2PyC4nM5KzglFGmZhLl9qUmZtQdyOC5S+tIpoetowgQaIt1dh760hurUkMSxKkt2UspEIO1gop1fcFwqen5C+JIdT8rzkwZy76pDxPzdcCQYCw4pDHsY6PdCVBEBPptWKU9kBrHO3DYdND7Er+Zq4Qoco/kb+krfTAhrzLZ+eFUN/Rq+mMnBs3gfcKxr39s1YYlwQv+gdePevrHaPVLro0ENaosamnxKw9x3PFuW7N8SW+7yHuQx02Gs+WjJJW0OMH8KCNngMmpFTxV2y8/rQkrBITUzRhr6QfTWse8bMS/lt9rdS8FEkIfrHnulpCsAYu7M3I4ZT/ir7dHIgWA7OiyjuJ6Uc9LnlT4/DvZ2FK47k/pGQaFe4j1f7hxiTxC+NXk3AD3vfi0lbX9Mc+I2z15lzG/vC3UL3eCVsvzNk7cIHxa9clAedYNFcV+8GXZ1ghgB5h0WnO7LmKWteMv6wGI/en0mavZty7F6V2HjbP96pIz981Vw845feHXezev0szL0eCEWffSNg8wFRhXy6zxMSw9Xg+CQ5NV5c/cMA8EZmYnKCxBE5tLhFxRhzcexBW764IlXdpuZb/Jr9Bj/QNTNBClMeiuYphQYxWalctOMIguYgSLfzVg2lP8KuFT8vq0EP42HseCC8/ONAh+hC2vUxMZ3CGSIrQUv3jWS1gVb53Ju/MhPOjZHW9WrtX60k5bUFFZreSo515zVoVvA9wzwM/JsHw2Gvfni8+5W/WeokgptZ8JeDECMUtIT5akHpwvDWP5veXZl5MyJ2eLa3GF4DZiSK6PVeNUK7mzTNCuA+kBBAxu19MKb2uNcCmDvMafUpMjDX3+MQiElwynH5PkrJLy61bhP1wROmbfnTRXyyUSr8Ktrgkw/L9x5lNWSPMV4IXtf0gyERq8WyZE3sJn5KLsQbwqOrLKibWkz8V8V6+LmmVo+fC27ulAa2Svr3iCG39ipLSWAg2pN2Q3M1ZR5tjT1RXUlr9XualdYuOzDJAXwN9kXsnC8Leu+D27EXt3eg+oQA3paS2ntkqO1PzvwbzcsmrNwiDxX1RLkfT4y/zMXqkACosU4lbD5I1EWuSgGeACyHm+gVyguQMpT82uFbvTuNE/8DRV0Uw7kx5KBEdCASSY++dW55T8gspJe5dY89cotX1E/JfjZgYZ/ar5x2/ReCZKaUPzgSUPQYWNV/IiNbFPEQE4vlcycSUs9NrPtSceiOFW/CM5jK137rFOPapc04wFT4w+tRZk6CDMAQN4KmZKrfm6sxvRVKyyn8J1386pfT2CzTqFrxHv//wwv1k0EkCX7a0f485mDXTds31GsyLiXmi38hhGCECMuO0zJMgEWHwuimX+aHOU4xy1QMz4kdJyjIpwsRqWoRnvcdE31Xz8n567/PiHTEtiAU4BMIqoq40N2AMURGDYm0xjJ33FBLMnu0RHI6AD33GMGb2TzeG830JlyWIQPhaVgDNWwSzdjZWMDHmwnnqqb4hP/IKrUP44zUIte6ZQAUFuIgJq8J/KQycShEfN4gcXoB3RNguDRMDM44Ktx9cYrE5qUJEXvMoUIa/YWB8vmX9WOFnbK7hWswrmg3k0G9NeMT35WNsMUhnpIxPEiqJfHt9CzUiLkYmCRECIinRbzTVIXdn6Gih0hY8Z5gXxJr9AneQrEBUwSoyKf73JF0fD1MJUWNInUSQzfhgRta3oq0Eop8wszQJny+TUiIB+YMKg0jg6gk20uutyi9qB2zZA0xm7APEdQRvxZRa1gnWALNr5XX1wFgm1ug3wmz/ej0dFNqoKgcMzB/deu7+G2nyPbdEx0CqEUE7TjPm/u1lhJOg6noNvy7+XZ6/lVL6i7mqEFVheHrSelyzbuFX16Rio2sxLwFgK+qotqBe34wkS8aoIUrMmGdMQmuPjFrTupAQORwgtedYwExZIz8QSyR2BULwLiG1XHa5+mlpXsxBNeQoDYPDHmJB7hNrgRiVNAsYMsiuAqFaVyTU/D9C4Fevv9WfAh10g4D8Unrvr6SUCPjxR8Sv19eld4WXveWLwCGIhXxiaEi9D9euULUCc1DJNLuyOn0pARdBAF820ZV7QtDBLxhTtAC4FvAdOdJT54132MeaBQSTtvzge7SkSGdumXEhuFOzVUKntO2ZgsYO+15c7sXboeKi3Z12NnRg9IS0R2LXk/cl4NXaevCI+l9lGukEw2PNIP4gi6Lq4n1JtMFhSnFYpHxCqb80az9UZuCByUF8RiRvn2NkXjJxQhjfP0vFXHvPxZN6eAcBCOLM2CpVA1EQA+6Bg+PCSBBPT9+r2kiSFIP1pHsu9UMD87m7o3/04NYqv7TW4uZEhZG38IF5EvRACHwswSaiu4epMGcYvyfgah3StvmeICsCAmaldPlRY8ReSQOQ4Mj6pJUJf2FwuA3Qov2W9F68lPWBNdI/8KWah84N+XvfFM4p54V94gxfKxiJ+QI7TILvmTcI5v36+W/MvCXXQGu/PD1m1SWjj03pmpqXH/6RYr3MuzcnyUPzo1kq5m4o/LknIKRFRFZ8D3xAfP+NWQVGDwPjEfMojReZB4eDH5euZQrid828p75hnkQg6aCxB5j9dJXH3jV7pNKIMLN33N73pfHLdBSlaeDzM3l/6FMMeZbwx8ovvfOkHThDDUW0qZ68G60lCm7ssfyTswEz8XJP5geRRihyv6a7BHqDSCJMZJpzIunnvCTE8j3vAQOCtJTb5DlO0AYsOMCC37zDD+Ng8kaoa52fkf3TOWUOP5dSQjuNj5/v6G4YGUtto4mUzz1V6LPMssAdd17RvhWYIXrdij8Ymvc1mRcTJeOdskEgB9pGS0rU4nTYepJdazUVoxrMwQU5QeBbJJ5auwdyKL/FmZD/zTv6P17jXkMUfFHPy/knVD+HCH7mEFbNNxaSczBnCdj86PU3SxqI8AeNxSNVwSP2RRrxLC6JOO0hirqTjrnAxLbOFwQI3Bfhl9Vi1pRbytsCwn5xa4S4fIp7zGrMW2dY/ftZ3/KtMmcutEXLwJS558EaAbyl2cGwiVCF0Tkd83Pde0ZL85JpnjOEiXNEg2sxLsYjmhPhledHc/S30kP4bIuBeXTxLD691JqvzbxcpR8114nQQSgwy9Qe932J88fcDd5Fotb1FbcePOAMrCX19B5AmQ0x33DvVO0yv97+Ztpt5YDN9LfqHWmFbiLx6yIYhzwlbkSG4XO4Oex78Ej4vfeMKncQIrp1mzftWBMJ/kTkYQ2ZvSU4hoNrH1pn3LWkWabPWNAEmD/0hUdrkzn+E1JKn2ffqZBzTNfYwp/fyMFdVKsnipH/xUD0nrslWuY1H0vWlnfMplRneFqPonVZW+nKE5lBEQS2IndLKQuYTAlAio9oBJ+Dl5Hpba1xROHoOrd7D0bXIJ2MpceHFTdY0m3LHu0lozhAaHvciqtHkp4Oz57Ip70w6X1/NQMTYraSjHvnN9vOpbRVjHl2LiIUEHTP8YFgqIqLcE/MjNJRXFw6ak2Ic5S2sCfCzftUaSZ8T7VyUyIwmIMfN2mBKEnxCjrq0Qak8e0x30sIAoYqAh3NvBQ9wMIAg6g97CUMCLMdcycZmvvX6Cv6pRX8wW+Z8WBsPKMBOzP4KvOufOc+P0U0e2CKB2D5eDUG9J0ppXe1huIdcb+3aLGEwCXmw2szL2DhKn1LMqsd8B7G5yHxHCZX0R3g8m3skZpnkG/mHWdgs+WkYuhySxCYmefoOy5sjAY7jI7Vaq/D6aasUu6WAh/k4P7bWftq9V/7XhLxyv1wLUyh9XF8BELwatR0R9+6ZNT7rJUJq63btaRReuB9qtwauARDoV8ukX1L8xl7e4QNBDinC1u4pyAr+i9drisBgDG+IpvZepj3LL7E92rRzDIdlyKDI+NCkEQrRVP1NAaijj/eBnQGRv+1wAy3gu0+17fAvFyK7WFCcZN6k5EdcN4HY6oMD5/7VSXL7LOrMLLQj9dEBBYj9yV9WY4k9GTblcRyz7I9SqnnNoE9Y229K/xyuMgcFMOn8WlQvkxPL/5IklfuE789UMKDJfDFkDSKmUoPuO0/fC6nv4iVB9pQvxNfJgnK7guT0PDbKSUuyuwtnsxc0ehi7lbv+iP8XUuaNR8yF65S4T4q6JyusyntNbBEu3o7+3KEeSvgSYEfpWhhda198IALmfX2RgyX4AhjBQZcF0Q9ztJDbutnZJ8WzJv1sBaYUnwwYZI+AHP2x5WQLZ+1hLI9mvVj494C82IevvBRldKjFluHpZTXVZLuXPK/FWK+RWA5qCr3syX50AeIiX8GJCJCjiKrwLyV57U1/lHfSQseISQr5yLccrOPC1suqbofFbhSeZ0nSrO08yoUcJEAACAASURBVMsyS5VGVq6h1hch2zyPz1rBX04pYeaCJsCAyXVs+ZN5nzP3+WGQUjTh6JpmTEycW8E2MlKNr6LOmMGIpvMKKWpDlN/3p5S4t43KO8zlbwzcgkCoOflzPJgncVPMPPKhkRxMFX+uKWFOEmb0mzB8vuc36+bv2vpn5uHvQKvZ89LjEcNbJn9ZwVr0enOut8K8olY0qlK62tp6FwnriQaVGnMSQ53RBvciyMz7HuxQYmAgs66a4ADDvCBOPC4ArPKxzKwhvuPzuoYQIQ3LBRwXbNDYpdnIV4O/g4PrkVjgEu14t8WsPOyZSgdoWfSncbhOBaKFBKz0B30Xownl+Aeu4Ie0uVJUm9IuVESauYIvW6a7UuLqqJmwhiduPtwici6MlUxh9I/vCnPony5E4XEuqCLhRblrc1IQhPxaNTOgE3HRI4XXK3pUv2sBFyvOz6o+oBesiZ9WyoQHqdT2TbEFPdHi1TXcCvNigk4UWtpDaUHObLbMHUhESsKjny0YeESZIpdWIcQR/XAQgIOkSaR+kA1NC/iKsMqJrTm4RnpLOMH8RAh2mxkGAQ4subOLxFmiuZTPpvl4JJ5rXbpRFpMV8Cd4o/RAENzJL3OSt10VcRjHd7Mke0/QQmmeSkqn8C23ifvjBJrP0Vb+vN3dNgjuYnOPUCv5URBa8b9EpgVsgZ1KQckyQX+R+MZoO/YVQUQazLtkk1stjN3NsSwC2oUWi8aGORIfaC1FQXljWjymPcql6SFileR3qo+QT3bUU8oXxQeIKVil60bGFt3knZrZV/gz7de8NULlXHvUfAigdNgBXqxzJuDHWoZbUp1L/rO295FNX9U2EhakYZhaLWRWB3ikeOyqubb6ca18GtFbgxS+FwyjX0umTJ+LtC5yvmACNZPNr+R9IAy5JcEyJfV7pNapdT4/l/yicj5mLmdmaC6fk1KiBBaEOBL8FWbC2hZJKPUzXQsOQTijvSwK3ieMDiHO6UIsVLBVNV5RfPwuBWj0oBiVcdDw9uRzMQ4VXTBNY0aEhmNW1HUl7A9/Y670EHsXjkr+NmBB1R5FFI74z+PaXWtmLAl03s7P9ZS159aYly+ahY4SKzed1ZhfZF4t1VWHe89m9iD2qjZoXZIc1Wcrx0RrnK0GsWrutX5kFr6UCXfLjCrfIOYgDiaVB96jMnEqERCOjQNficwQHG4s6Ik8kzVil29gY3Nci4QoS0PQlfCkjMDEdEEr38MY3i9rBHR99F1UThOIAGZ8TLIuIEQzeG3JMf8rlocbgTPwkhlWmuxeplSat0pGgS8Kee8RfGbPpFIqVHe2NwAsjueR0PhXS0EsEs5+OF/yOjTnW2NeTB6kAKmECCWTxdYiARo2bBzmpWKpkXlJY4t13TSGH57ZcPShTZlo7HZ/9lQFSkFE/BY8W77AkjYxMY1DX5EpoieIYO9EauXHnKkxn5L/Ck1NJisnMu4fQiKmhty3NCYqzeCItI0a43K8lwmaSjgEdpQeN6nuhXvt/VKgldoSzAOz3aoe4v0qeVnam75bJbj5XJkb+Mo+Mh4BFU9OKf2AaUUlc7HmtJVcfBSs6TdW8dkqArE1D4Qv6jhCk2qKCMIckaDuP+5a2y0yLybu1YgJyRwt1fIRKSXCwEtEG9u9EhNVUJV2LfMhiKTbWm+ldBFIJn+W7tVScIAQwIsTg4TxQLjp5EjzVBdCbjS6VPCG53ABGyeKNSJKaDkRehCqLSLK+zA3QpbR4LhgtXW/FO1WEVbACxHFT8Q6dStya85fk/0u1NQkOdtTS6SN9dwUPosDT8pXdFCYWg8aSSzC29O/AjTwJSl0fMUlkxrbcWTUctQz/0u1WZVr6fSn5LeUUNeyDr3Uum+VeTFRv914RvKUXT4Gf+CEZGN4/JK1lvnQ879oe+TdWi0ExTTIweWgQIC8kkDp3S0E8kjNYemnNdHF30tbwLdEpYMjnpoWWqtIwBxGbPYwD9UR5F2i4EicrT0rgzYYW9fP9zAunxOh838iTPKHgrkHPOOs9mpBvftHlfd3t8Z/N5tqZ81n+J7e1PprRSj3zpN2e0rejYxzibZeaxQcn310pkquHAmlw+kwt8y8Yvj8jFbgkWpyGrpWx2Z4gm7LrwUBo0/ZbyGif+SAw1pCEvJXYKD8ABvmDdPq8Z3QnzMwj8YsRc/NIunR73kE4EqCo3mL8OBD4VDFMPjS+kb8JP4+QsMXZ1PSlhlRkunegCHWg6+I37Ph7AR1vHFeBNXO8ePRH3NUEAOEir3pxcsWztS03RGBwcconf9SMm5rXrXvvf9hbWJ20IPeW6VFutWkpI2CM1i1hooR3DLzYj980TPh8x7AIcZEKf+ftM2GqYFwOnytenqYHWij9keaBiLDUqh7yzxVw2Vn5jJ9YjolOgnC9mEHHYKV3a6ofVeaj4e7i+iAf/ilajlAs4VrNf47pZSebaV30DC4DNU1F2nGe5i1V8AYlnANWF7fjmRZYKMKHVGwQxBAC9vz+J5I0AQ2mMpnfJ+xDt9v5tD0VYzWhUT+nhG498DriHdFMyg6/Zo7BHVn6lEQmzId3jrzYjNi3SwWOnJTbMn56NWRpZGBwAoS6ZGYviFHXa3MP2KuMEUIgUybtQCAWUSVKYDfEDIl03LV99NnO73wezJD9OxT79T8/i2FVXtuH34R9uJDc4f8z37Nmq58Xp+dc6QIeYagEq6uXDwJcLNCkl8/PwIvrwSiyD4l1mruMDD8YOAQ/jtFw/UKgq29cYInbZh3JKmPMAfgiMlUOWH0Ry7eJ3Ykjrfm6d/7nEfmNzLGJdu6AjHjvtFcPfAtpjJJwxu6rfoemBeLd38T/7N4zDW90Tiu/vIeznUqFfDI7DNSHZn3fFNnTUfOrJgjGxwTLFf7DwQ/osQUsBLNZJc8HDNjuT9zyNRQGcyDVmDiJNt64qvCwb8uJ6xKC1hpbgIXSKDXJX9oOeAphHo2aEOEdCS4gTVJ4x/dG1WgIKruT+aX8S/9hcz4Z/qTid6ldZ3V3lzQyLi8yr2qRpRuCR6dL+0fktlQ61dKwd5UFaeZUZACx4cUgXthXgARAgNieC0yKnd/eKd93ZkTTnIlK/pV173FJbWp0mJ6TZoQBTZQCY/0I2ZFX/yskORbhw5YYjqlCgDPiETe6vtS368M79c+UlFDVeG1N+AN30dfyVFSNRd/QuyVJMy4JI5S0syj/FpwlrkH/FJl9dI74CKCDL8JHHkDawTTZu3gtyfn8jnRen8oJ8uqjqP3T2Ff4Refs1/MqTegwwWKkqlT+9/aB/pB45L2GK9nkW893uzcgm/te6cze0y0s+Mf8Z7vxawFQPMqVcxxptbNk7obHgGRyT6jz4luOGAAtaWJCXAeZfjNKaX3sbl4aZOWZMdcZG6MDIwN4WBBDJTQyDAcfJUFuhSzKoGaW1EpPyP41fLcJrfp8NdWJS6rH8cJJu+H1A+XFoZvigi8I55Yb0+FfnuCFLz6BD5S1ieBiH69cG0pTw3izjlBkHNByqu2ABtVbIHxPS1Xe/iUwPyBDXk8MDGFpXNOekz/rWCBHu0LWCCoinHByEslooAD6/NE7dl9ZUzd9cZaRwSO2TEv8Z7K6pEWAo6Q94cADI7hD+PyUnK6Wo8zQgnNCssfuvfsHpmXgPPBKSUOCxfE6eGwcTCQeGrmNmdOkUjxf6zysVVFmfYuabGx1MAjApHnl3OFBZgU45bK1rQ2+4jvHYF0txlza10Vf8Rc9vS5V/uK5iTmUro4UeP4XFsS/5516V3M0Vxdgi9MjACcB79LD/tKKogiCiEKfKZcwFrZKgQqmMzfTCl9bqVvT+73gBZdCCuzHv46qsxDW14+9wX8FBAkM2ArMKrFvOha+1Ji6h6kQttWagDnnLnNJuQ62GZvUF6BMyv7kFaOn3crnUNjwnzY55Z2HUuvub85+lWr67ln5qVFwWxgIPz4ddgqpwKCOyPDHs/laiIIBF5QbdrbeJAH4/hhJagjloZxABP2/KwrXD43grRuAiPiDWc7sGulCoyMcYm2tQrvPWN7zpNfWxGZkpuSPan9EsyLdUBQv9vKS/GZtBeYmLQjJ9ZoRhBQmFbJL4e0LDN1y1ohWDrzcq3U72dSBKuiNLmNWYnFzBkLB/5EtD+erYjB6KdmH+IjwTGa56KpsCcQQJHJnI29Qqbj5ZAfpwdxD2yjIB2l5OwZCgZVS1z3vUXwkPVqKOL5ITAvBzBIK8BzgGZqjXHIQDjCx2uJsEgYck4DeH4Yl8oFem7ZjySJVYc6phSobt8e5L3Uu7Pal6Q/v3srEsFoLqTc2CfnhV2KeQmOOLQpkMuZJcJPD6XQ8C+9W/Y/fVLOxYq3ICiZfTbNwpl49HtI04jMCFMT85KgiGWCRGcFhbCGWsk1r5KzFRCl/VeCvTNxtGiYUYnxlfBTQmusrDKDy66tXxpXRubL2cd6ReyAckhr76v6/M9kwQj/MIK/LE3xPWhpqaqPBDDoM/5dqvDzUMoOn2/X89CYV2nRbA4/bjIB4B9kjTGZQLi8CjPvKBqQpvhEOASYbWqPF7WkzZ7cnK4NnGjkZs54mSKEBA2Mg3crJbBaS3TfV69/wTXPHzXfXzQ/uYkZbYX3cP7zXJogQQgIKCExHs2FYqceXAFjQ6iiTpwHUGjevRpWDd4Os1gz1IWfyGhioAvrIET9I81SwrljLdRQ1OM+NqwDMOnSo/4Zl/3CbMp8ZivdK+dzrw/YK21QicRvaW7h9NHfj0SUIvToWhSZiEuarG5ellatNdSC2bwY+FTO7KPAvLYQ3r+r+XzYMHdstzQqNxkgaSIJb/ngjkZU798d2KXrT/geOIBMvRGUl5x/bayRvC9n3q5JRa3Lia78YDI1XoN5QQARKPAjQfi/MP+Nsxw8ixF/MAQsAUi2Kx6/MfmnU0pvFjp1LTUKbZiJ8Kf5NSsfk1L6eDOHRm1Oe9qq66gAiV+zGqgxUGV0/TDBVsm1Vp8euOERza33jvw++gFrY6mgcDSfKj92K98LJYH3ogsnVqd3Oql5DEUynswrJUf6mg0+Xp3QYmCfaqqwS5JHFi/tQXonyDVE4dCp9t69MDBJuS3fRtQ6eU+HzLWuaC4UrPz9S2teJDJjsoSJYF5hnyhajV/JHy6FdLMi30lyhqjPpmIQIEWBXp7aFRauBccLYT0yV/NlLTBXIte4S4q8Np5SRNoWfj83pfTeucEQAax0KvPh3iR019yvWTcUXMH/uZXLhmXpmYUoU4GI4shoYTw9KQDxTkFMyE8xeDtzP5lXD/XObbiDSeY/pEgiulRpoqSBuUbiB2/Llk7dOu5tivfY0D8HbGVJmp6lI/26SaVl1xfy3QMDc2JXCyd3SQ+iCSxEyKMk6UTHS0A58+8JW+/Zl942HHzSOngwH8KgYtkq5o3WA9ElKAlfRvT7KuoVRj+Cg+5k39KGBKNa8A93hCkRm7Vgsn/tvC4J0z5Wq6Yje//j2Uf9Iymlt+kFaKPdiuhD9xO2BN5F036pbrg1HsYRH5mTt65k8Xd8T3qYF+/GyG6qmXg065771B5z/j6Kz1enlD4kLxw7OzW7XKquaWBxM3oQUpGQ8fZVxoCIzkrCo/v2S0Yken1xo0nYo3Na2V57U3Luswe6Ll7f+2FEatfdWlFidOLpzOuSkrQLHuQQISWL4ANDbmbmlmaka/CJeUJgELpg2q5hOswVdMQ+w8xaV6PI39cy5WkvaualSLQ0J2mzvjdbNMrN4ESC4vfr9Xu2cE8pM0pSb7UvfT9D8GfGqb3DGrgQNV4lA1MdrSjSk7oQ58H4pA4p8f/77Doq2saqRi1B5SX6f1SZl0cyEW2GFA0Tc2CWEpTdMS1A9jAw2rL5XgBY7zMOyATxOOpxxPuJlNJbDAx0LxqYTIeRsPqeOmNzh7oYkcMJEEUTlDOvS5wdtAqYLgwIvxt5g29ie4cGRg6OgjG8Ck1M3Oc71kxfpVttJSkrhB6NMwpW8nm0km9VtQKtryYoYZn4qICHYl5utq1puIyB9syesecwRGDVK5j1HAFwB4FA1Xh63oltgJW030tr657ewLywLhHNNyMwzzAvxnRzI/+70Off4b55jREAX+IAjsznkm1jcV4RAI8YJMKJSCd//GDqc4hab7HgGhMDyZXMzG+Ix6q6hk6oZ3w1zsBqoa+X3LvSWG461AHxIIPIiFzD4hzwPsE57C9PSbu4FPOSj4J942+0qO9KKX1FSukV8vy2km4h/syVyC8FH3his9JJ+L2VTgKRUyoIOAnD0T1YLUIsYrdldnZrAMty3BTRrwmH8SZo4PSCDX/cLH5Kk1Wh5NF+3HTYa24bHaPU3s883+8de5Z5SSiSb9kFSIfNqFD9yJoNAeiWk5dDTaIxZW0oo/TWATtiEjNftyoGRAQDGWCUXqsxtiGKDIIK0WiZdbYQ3iWwWYHFGRgEZW8i54oDGvuQuUqVQpDMeUpOfMFEPi03CZeqbNDP0cxL1TDAC4ix/BJ8Lp8s8+AyRkKvW8KNa2Kl2oIyK4LvMcS5tT/ynQFHzHVE1PG4VC/ixMWyCjIhxB8TH5Geb1sYRKWj+M3ZKAXhCBfjDcjUOkVLGjI/NRbKXjD32csYXahiqBbTb8G993vPM2tVF+npcw/zckaqpG3gQtqHgotK0c+b85olZD2LvfU2TohKJkIATvIc9uLS9yUGNlOhQgQE5OCnZtIRg4RpjJgYHela0XitPXNtZaV5pjVu7/cilkTDYV4DtjXJXZo3MOFAYR7SU3vnCJ+X6g1CJJWSwZxUO7BUwqrlc4rwYgz6B6fRtNhHJHHP/QJWwsEt02LvXsy2I6CD8H8q+BNdGU2UXimf+XrQic4kGtgeU1+cO/gB7GYFNj83rXqps3Dz92K07Iy1Jc7DGVCvq0R9RAbO+yU/7BBjf5SZ1weklJ6ToUuiailLvBXEoYKentOwlVXeg5hKjmbDuVaCiLEYVcYYCn9uMTLXulYwHL+OBBPArDmlBxajbVo+K/Xnh/s7whXzW+aVFdGG7KvubGO+Sp5HOgaW7KtrL64RMjfmDr7Nnl0PIJI25mWmBCMxM8ZTObSZijU9e+iJ4rrA0oUJETXh3lYCsict91bWaM2RcdFMZxOXo6thBTPZmrNH1g4Vu93o1BnwjGbr72M5eEJhrCG4zB6A1mbfy/fu9yLfhBD6LYmjFkavvCh/d+XljhAQEZ1IQOQrY24xj+cIJGaNztRX3Ji7Cl+ceX1bSum9Kh17O68m37oZ2ZlX70HDKa3wdfZRzAoCrOCIyLA0bZ+n5ibtsnf8GmyljbGXaPsShmpFf+kHIkyKiUpkUZYK+M1G+H19SomcSJz1MFLhNsRRRYYZl1B4iv3KdLol+StKcPha+Q0kVE7SkGYQ+nPcaeHZ3vPgWtKoll4a23Oyhs17ucOofWkc8E2ukyHh+lFnXkQnqQYc+SavU8EaRzwYFRpH9DfQD+10APFXvXvHNS2jiNpytvt1KxRBVcDJqKrfmpczxpGAlVa/s99H89qWeSY6sxmTaFNyhLYisXqZF5qV9knMCgnY96Ynx8qlVRFOwX1FMq4zSflfpdVHs6LvCz4ran/yeE1B1so+8KPAF/pjrZhxuUaGCMmvzFYPLqrU8xkW9ER7GNiX5GoiPnYPHku42nPzb8RD9oK1xJqRI/gquL0wCwwtn+VI397W8XQF8/LUhj0w/cHg52Ru+D4RNHlIgn9q76Ifdeb15JTS92dgkQ8RzXMORyckteAMJGXMULoK4ugEX8aDmPHbTZdx/2GkOMd7CGYv7tDOb7gmOOJ9R15e2NYZF2ZUBR/U8DvmlzAVShV5YeXS9LaiNnX7sBc3ZS7SaGYIlSLunABJChaBXwjG38sLUwAHjJz5Q7CcqfdUainNSybsWh5lqXI9Eb/vkDvDwY95vweWsWDvXjhxxpi3mPJMf7NwGx1rJfNy7R+ta7bqCHCjIITyE9HYuc0et4iS74eC3h515gVSjORhRMcram48SJEw7vWB9SIuUq8c7vKLxHcpJwTR+4JsYuwhAq3xIXQkfSOJb1X/bvUz+70zLrQFTEsKRKjhd/SN9ZpCXNtEiyBsPV4fsZdhCQ4+VtQ25Ac7MlFaNzQoyMP9YwpL1/lBK+zBJd5D28LCUcIVLyFFf1z26blgv5FS+t0chNMKntA5XImTe8Pm3fd1pGD7ObnCCvszHIIeDqJHLc7CslRTEa1aeyv3zZA14WReL3KSy+basznevhZdGKs0gA+XrKgRK3k/PyS3Cj/djIV030OASkxGUikm0x6zziyjiu9FxiWCxW+eGn67DZ92vTkwBBGUggBWMSxfn+NQZFLa30vBOvpcwWUSSt8xT3jElES5IiIJEXZK84+4yxCEqiuPkhJQpK7UCmk7DMHnlZGH7L2Y+iwOu3DL/I4IevL8qVodyp75+1xn/XQIYQiUUWN1a4KY11Ak5sm8XiQ5Kx+o1xTTYmClShySUjmciqjqQaDRNh5FybuSZnToFD1WCsl3ZlaqsLA1ly1NYXQNPe39YIn5QEy/N7+8JXFG7bjmiPeoQPfjMAR3GpFKARGdZfpb68Qv8mqVZGlFS+5NfeiBc2wD7Ep5YSOM1CNWY84geIl5kAr0FBl+q2wt8KK/X57vkaJUFsS/poXpnO4JtPD1C+57+4sMeshc1rFp3v8sjnjNSIYcDRCCBsK0wJXaQ58wLllKTubVsbmxiZsOe8NAnYGhWmNCdJ8Sm1eKQmTsms1/Yuq/9wqX/FEqCMlWz09mm3KpXzEzmRpLYdBytoNUrJEfJKba40xhKHJocOG1ixF9T6hIwUWIpcdNIXxPVOLLWbCBAg/8XZg5ybbvlz8c0TYGl/eYRiMmTCFTCprGZ7VPZ3SO4PczchCG3sU/RZRtz91hpbqZ4KKKR6tP1zo9UR6T00fntINaENURpkPOOOPtDcN3awVrJb+N65OePboRhfbOvGbwFPynjqWCjUYLHiOcKCld0yNgCUZGVDcCNg84QHK76syeZsOJzXei12tCYhhHkpoNmwNEu6jpYL+HMJVybEaXUDK10McHppQIR+55PJ+nlSwtxBNz0/+qTKHAh9UMTOHTSuZ1aT+G4rqkCKHlexi06vu1YAKTdk2UtTpzHtE0WmPF76NvDd9PfMTAj5xHz7xdkNB1LAr0ALdrQULsB8SLcwFsiTjTBbEICgpAihJ/rPQCLkAoIYIQP7QyPdKU9kbc0Q9FZV8xh+2jLaxIggYvVUlEc+6J9mzti9ODEXpGv5FxwXSgBz31EDkfBD557VRoghcCjpYhXwvBOOT8dT2n2fBFYHLCFzP6W4DssWGXkNT7RRPjULYSjuNcOFQwCpDLH78bqTX/2vfAREEg+jtWxq+9CwxZM5USkOCQ0PmMg9BzCEr9AmdVhqcf/peEDxzwR8nXReQotn4lfLcixMhXwskNoVU9v9IcPNqwxz86C/ueZGgR5l5T9+xcet5z4Y8oMi7OhPkgLGwxsnghIaHkWA/EkBi7JAA5w+TsUPORu6iIFo6+ZVlV9gS3+L5DjJVDNovLEaZcLvrnClaSrSTyrX1xmjRiNozpJj2Mi7OlsydNTXODcYLLEU7QhEizdLtHD7491uZkXi8GlYfpxntnWgD1kHHa1ggbSAVjwURVe5iHazRqB5JwdQuHR8VRIwLALL4qpUTV/CMf+X/E1KTZiFm0KjH4+mSO9PnKh0R/SLusU9eo/2pKiYKuXLPQYkr0KYYJkSc6UBFOfA6hUyWHHnOxM5UjmZfn1WydUeHsqD/iCNyI15wAKzQocF6pC2JkzFtEFa1SxYbRnpDaMQfiT+QhuINKM/EBJ2Ca0txgXsBKCdRKnte89lgBXisHfuhqEQgt45GbtvKRKR+YxdSXaAXYKtzt0bS9WmdkXFv1EJkn81OkbTyHpAs9PaWEGbn0lJjXsAXhZF4vBq1LK7ovacQRz+ZzUGQeRDqEwMVHVQo4kFt1DEcPxVbJnNG+VrQHwT/OYKBoRtbfq8G15iH/G33qsJMOQPQoARsu8XGgySdRci3Eh3BdCh/zfE/HvC6Vp1PK7yrBQjg7Il23YLrne/bjna0DRQTykQgd+xCFGwIvVKUDIv3XUkpflvv5xpTS+29Mij1RlRD2mwRo/JLgA0zyOzMjHDWfxSF9738u53Lqnqo9MKu9u1VVJ74DzMCZl00pvUH2zb5LbvRbKSVu4d7yQwLfj7VOOUOkNJCWQMAMTJu+tx6ZB6F7LboZLyTtZbAvMf7JvF4MDgggQKWSPM+Q8zC/A8FGGhRxbgVmcKCREPcScw4m/bSQ5ohD1urThYIYVSXNjT5cexODk28LKfDTs18DAuXrVM6RpL+SBBcDAdBQqfhAX5QmelxKiei+lsZ4CeblJuweZ7sCN/ZGwLX2sff76H+FsKL1SJBgfQgRJKfKRxb75hyqYEDPOWTvwX+ExVfPEj+VPMjFUx09EvWl4fWuxdtBxLlhwp8ebX1mrPiOihFwHvbSihXz8T5Uk1MVSFr9xzQiziIWpWHadTKvlwS12+ABZm/ypfcS/Vs911fIXMD4LeREK6TMCsQAaeqoUO0WEo58v8XAYj8fnJOoYShIcxAlEL72OLEsFSGN5hD6cROS+zNapqVLMK/RoBDNf69mMbKfrbasAQlcwoDymcBZRROiLdKO8wJxxtdVKnwrUyNMkP3d0iA4R4Rn0x9jEm1LdQ4CLKB1e8yrMbGdgCt8bXvKRbXgWPvehT5P4cDETtUgNFmEgzecHcDew3+JhQjYo8XJ5C/60+v3o8bnt6aUXi/MCS3btb7uKZ/M66VBVSpR0w1Qa+hOZUKs33iwE0dQvVryDw12e7XmTtBKoc0QMd2MyyR7tMmW1hW/p9+ozdAGuEJoezRl5QROmTo6oN8TrBGFJc3/VrQv5gdR5SyVtNmavzD6zegHzfgPBLjJTOYpHO4D8jqj+Eh1hlim1gAAE3dJREFUQ2+t+HbHtjxmPouaV4+23tP3EW2gHwQtPT53LgYex0IYfl6+7BTmwlPyue+ZY8yrVF+/mVL6gzNaFx2czOult0RRXNrEGe1LvVKGiSginqEEvD2YcsPvemCLMwrPCxnx3bkJoqR1RWJYqxLQW3B3xhE+uh29wRre7y1qX8wPAkoIvAKM+AyCT4V4hIhoKiol91O4lUr2nEvl3/E3P9Fn7FoBQRUEimAeFuHmM/4fNlGFiGSHfUtbH93/2fbgJlYbwSZG/nm/nAO/0WB2zJ73SkWw9d4ua8HJvMrgd6LYksZbG9hTD7HVx0P63hkAkizmF0VNQtBgJD3ExYUM4BOJSCn3rWY2cu2rlq+nPVApm9GUit49dM2/93z6/G9J++JGg2/IPo24fuCHdSIyMSJlFayhd7Yi0ZypyVrBZ2h8BBzEQAN8LN+dTe8SKvm9lXwf917//3JK6dstRaN3j/e0Y40wbc6MM/OePntC33v66WlTS+Pxd3fhau/h6JnsQ2rjxIB19TiNt9bfKif1kGDXs5anZKImBzqRgWioPZUZ1L9f0hhNeJGx8U4rIi+auWrXvPgdcHtyh2pwmmFe9CVmvUua7dm8jjYQVRKHMRfBQEg9YV0wq+jTxY/C59zrxeP7qqFaAkVpSpzht89RgVRwUGWU1vRlmncTvcyU+Ljcj6RgEEVKKmiI39FcqjQSjU/qB77r2kN7BTHRpuRGKL2LVqWweuUtyqxMe5gt2uzIWWvBTN9TGeZdU0rvY7eC197djacn86pvi9tp0Q6QImevFAEJ0eB0cEvlpHoR5N7blUrHjMIjJo3CeOQ4Lvm5MEVy+FsaHf0gaCjsHs2Qw+jvOXPZEwCwmnnR3y1EHpKmADNiHxAYYKp+btAY+CwyMc4HeV415/0MAxOMmQtBDP7gb4EZ/ZMciCBNZmX6ytFnVXfEObMq4XjJCgEe43ucpWm6hknaX8w59bXHqNKtHLJumJ3MaxtUHnQxWt+r1LP7MxSBtRVJ172RN94Q4hGz8CFsJKiSbyUptabt+PI4LORmlULj+YwESIXY672RBEj68JqUBNtQ0kaH3JnXEf4Ox7nR8ymBa6+pewadIF5UQAH2CAvMZevaEtpRx8/9YT4ukjltPFm3dotDz3ylMeuGBZkUOYfst99ZJi3HtZ0ac1M/MBIJEHE+0tz0OWP+oZQS+VQRt6VxeVtPD5FGOKo5ETXIZavxYe0u+AFz7tkifP1lcmPmy0+cWwvuFBOgH4os64Fx4fvujVKsjjF6OFqTfYjfKw+Ite2y0WbgOHHiI5AQ4rp7M28Q+Bx4JHG/oBETH0xKhy9qpVtXXUTm5KbAGuOaNU8glVLlgfBjDq6qnx9dZaM3eKS23UpwXoGrPSgF3GFaKs2Fib0nUVV9l64P4jsSa/96Th53E9wsA/M7ozBp8oAbXscT3OOHz0tPLGdFG0xwVPW4B1qqfDjd0dazv6NtYOYIkCrZJSGTfnryFrvHuweAdy/moIZuopolhHFqpdBRXZXSMm0dtMxl3SKtomVx0D3iCUYDUatJjNEv6ImtmpwT9mh6oLICDMafveHszB9iJumf8TkzIn57faEtAjmj2V1S+wIOnA+ZCPl7VAjbKtQKfKhTSTi1P6OapSd+gycfljsTgwdXvYwVZ5AxILbR5Alh9udjckWQmb1adugGOwIe4DLrLqUy4Cb5Z1nz4lqe2oOGDXziTym3EmFEfs3B6Zabn8yrDcYYvLHKzxGrcTATDj5IVZP82rO9TgvWQrkrKkorr4SZYEqBKblpYmuGW0WOPUqxdB05YdDK52GMJXb1PFnXllmT/CJca/5mi0HOlTbKt4HQfvhE/xB8bis+6nyzFyQDs+89JsK4BM4UUYVcRbPlK9laOiZHEtp7HgrfUgrMow8x2cX8MRULgAlrjzmT7D/CF397wA5jI8DABBDKrpGw3LP+rTYyh0roiCZO3vVEaPVVE0K9gLbajpjtu9dzFHJ3T+BOGrr2NWu2qC0VxOdwuKOYMdjwWWfqJcDKQSePBmR1HxNSG/XoZIIZnQuHiXclEfI3Ej5aFESvlgfmRIU5UHdupRbrhWC1JkzKzjBH11pq70z6z+RCzqP9SgtdJWhpfODvFwyOmgjpp3Z9D99xhQ+h7K4FtdbuicqR8HpZpdgPRWMJwqo9pdqCjPW2udaf3pOgyXmYZcStNd769+CFaEGEwRHWicfgcTKvfrTwEN6ltts8hdKhrhX37Z/12pYcaJAUhhuDIpBMIQjcp7SXaURznUvMtdqFbs45suJ7NPnCTKm6AZMdvdKmtDve/yzzkbC1knC4iRBBgjFGhCsv3RTXzZ1z+nFGuVXMdw9mE9VIasZWQIn3H82K/h2BEISfA59HjZ7qRm35O+OeHKJxaZBHDdh7ED7mDh2xMbJFE+SgBy3iOSml52btYy9j6IWBqn+zbv4umQ4g1tKwjphXDG7hvicKr8Yntjs6WMEFGe4CUzFn5gU8uFCPm5B7El/jWlzLn2VewtW9Pj/mBi4iWIGb8R61Xlziffyg7rxHw/rZfP1JT+QchBLNjB+PXuudA+2elqvOj/rlnKFyQzeXJvrzghzMhemcK1we4kNqgydFb2mZM8LNMMxO5jUGsuiToar07EHYGhni49ereFsV45UNfmwFL9kaYkIwAohIQicmEZ6t6upHMyyfIfP7+ZSSO41jZfqoCa0g2C2Yxpu3YZ7MQ7kv/r4SRZWLs3UPE+/tjTakD+U17akC4kwL7ZJ5sc7eB0JHH8AllioaKQEWx2NtaDuUedKDZk4RXg+rVxFfgj3I1SuVD+tdi7eLFhJqJ3JlyKvkRipYqzvLjhDqZubd+w57BRxVZkoVTFrvq7o8dOsImvhS45/Mq7UlL/2952qt9n/F0T4zpYSzmcvwSo9yPmTrV0Y+v8nVwB+DdEu+RWQK0exX6l8XOaoOWo+EPA7R+hueU0VOmC4lRPrGzBQrfdPTrLYyMu/IMF3T4/BTIZ0cGWmsURhg3xShxRqdoa1gXqxF2uHotR2RacGwekPft8zKgu9ICbDanoDfwC1e2FhaKyZCrlchn5BLLvc+MVweYYnPSIImF5S8pui/lgDDnKG5lz5Hcc0qn+XltIDpqM8Oxo0gR2X4izAsX8jJvMZROR6clX6FrcMq53MtvHV8JS9+Q5n6mMAwUSItXvuAuflMlQC+KKX0xDxt5setux4xdoQptwTXGIHaSqFwKbaknTGGisqSV6Zbo4EBfc9I79IOe/x/MYl85GJB1qZcvq1isDG/bw++8m7JOhGrcDij6YFDz5yiwCRNn4Ah0QKZ2mkr8/uW8OnfyY/oew5OUEar51EicUwo5v8egbU2BuuMIfE98zmszcm85kDreSP0QMgv1bMv9XAodTCi9Kk5YFpB80I6csSXtuYVuC8uNTUA5ZqNJyJv5QRdinFp6jG5dlTjk1YmxlbbRweVKi04YVP1A32G1A+hee1cjR0fzbtV4K3gGzncEWLQ/Ah+oV4fGqMTvfj3E0LkXRyG/rBUAKuR4I7ecxTrUUoI0E0Q0txXmQzpXyZZzdGZV02IkYbDnkcm0rq/rxcWq9phBXDLgLTGVf0v6+dkXvOgdM2AOmn4jI44oPMzvM83nXFBdCBQUfNAOyTMGQLNcwk/V4Rm1L448BDNPQ/E7T1yxQb6Yf2svYex9Y5LMVn8Mwg2SPQ8/zD/5n8PqujtU+101Yb8e5cQikoMjPGpTI85i2e1YONpGcI9CYWjprcSjN38z/e4Dbh3S5/7OzGQyjUvN1ejTXuZqSi8eiHi0X2/SvuTee0DOzX2pIqz+djcZ0w8+2bxcN52xsVhgxDUBALgTgQmz8cNhD2vhFb0fX1NSumpCwYQcSwx5a3q4hCud8kRmbSDwas+3YJpvUQXMFb8STBB0iNWpEjMztHviVMfRDO+3MJADZ+bR5tqj9DyYBbQgPO5AARO5rUfyI7IJwObh6eb4VqMa36U9W/6/tO7gkn2jKQ++T1LDEsVXKi88eOZob38xgQlldPEJfJbls5LdQeZ/2qtiz49kEjMixsICJJ61T0bf77bD4GTefXDqtYyJtRCcEp1+faP9DB7QIOiaoM0WExPaDT3YoJl/38q+H72BvF4ROvInWHAkLuUwL/onEcLI4n8IT+fkFL6nLDAI3L+PCJUBQu4k45gopH9esh7cfjaTua1BsQQCr8HyquQrxnhYfYS7/bC4c1n92Z6hYH91Xx1inbqF1NK3GP0ebnA68gOOnFshbqjceD0VyFktFblAsIEEQII4mhFRI7M71bbYjbFnOmJ7Eeks3x+vgsLOHxLSum9M/yptLIqqvFWYXwz8zqZ17qtKOWeQDxA5ks4rtet5PieIPYUSlUU3EwS7PGzHB+B6zE+qfCairv2hr27CSyavYCdmBXteICfKp3AuJz5r6jYMQ6Jy7/B+Svd5cZMVpdzo5I8aRs8qnDP+Mq33BOSfnnI3emIJ/Nau3EgMAmdXt4JQsJnmJLO50UaAvc/KSfol3OE3b2YCVt7+LhcqQTzHdfPRx+I+43kWyKaEHOpHqIBPzH/g4+KQseq/i240V4MqwU7xkT7eqg+WZgFjEuRkqwz5pyt9H25ZuwmYvltW9pyC4fO7zsgcDKvDiBNNClVIOcKBu6z+dKJ/h7CK6XCrBBlrsa4NzPhyH6oOnktObm3L5iVQtBVSb33XdfkYiJvbx+32i6WayIvEJ+p34bN3Feuu8a8BOfVmt6twv6q8zqZ17HgB8k5SLFcDKbEa1ewOHblL+5d1Rt0aSHf7Kltd6l5HzlOzAWCwUXtCV8KGtj3pZTeccFkIpFnPyCy9/ogDCH8vKUtwJlGzMOj2SrNs8a8xCQpFbU35+9e9+Vi8z6Z1/Gg5hCRA4NT18OTYV6YHB4yE4Nxc1WEm3BW1LY7fteuP4KHY686p5GBMQbmtHvzyYJPmAmFVxQJ4BLPeJZKtS9XBHDIDAuWxNQImQ6PiHK8Plbe0AxWHYobWtLNTgUmhrTLj2e+cxDwXXDwVGPwZhfRMbEY/aZX7i0EvmOphzYZiTgcmUi87PPefLLMn6g++beenwN/ODulp3RP3h4G9qdSStzirOeNcvFr/a/E9TPqcAQrJ9qezGsCaDtf4dCB4H7VeOySfBxKH1GxgceTRltXauyc3tDrrIXIN9VZLEVZqV4eEun59EPA749bHebOvumOLc0I4Yn8sFv2P3rkJPPuhYtrsVrvLAP7lJTSZ+VO/lGuIu+7Km3v9Hv14/pUy5N5TYFt2UsQKBXZHS3QqbBciI3XLPPJiZkokVrvtBgg7fHTeRFRPlPdNGrgPSlcwujj6i4loixbkXDLgPkAO3Lz1BERbDGwiL3CjHhrewbuEaGq1AC2eiQRvJTGQh8z61UyMu8/K0eURtSjvNc16m0+wCNQX9LJvG5ru/1+HQq0Ug1eDGNlcVZftUvas0VZxax079e9+VBuCwtePBvXNFYFG8S1sucembcyKm8vXGvBPsBlVJOvMbCRggJPTil9vy2qxEB1q/epee3d/cb7J/M6GMAHdK9INY9Yi5WllUvEgRUxQhqURjUyLSID/Y4haXncZEvYv7S5kT7Ptv0Q8NqJSojtf7u/pYgub1ybgemOMMzrLlDt9ZvWGBhrZv34qWoP735rvj1CbSgHRWkwPQ7DIzTl/t18BFqezOsR2OTCEsXsYoXyeynC+ijtWgz5PjIQwDW9SzMw1klyPwwr+k5X+k0ZByGgZKbf8vt9Wkrp6YZ4VFPB/6XHYbcyIfpRwvWhtZ7MawhcZ+MTAleBgAdvEBb+YSmlrz1oJk6EX5hS+oaU0vfkCiCrfWGsCyby/pVcNvxGmAdHTYQ9oHEtydvXAjkIzXdrh18+CkN8QdYSjxQuetb1yLQ5mdcjs9XnQu8cAjHSDoIOoTwiOjDeUxaJOxo6WgqEvhX84++qLiNMgOCLko8VLQvGgnZ0tO80pg1orowLc9L4b5VS4soTPV+dUvrQgta18sbmO0fX46d/Mq/jYXyOcEJgFQS+OaX0FOtsJlqudy4wy4/MtRlfv/GSXxuvfEU+60mloGsi+H4ppfS0lNL39k5wUbvSTcx0zfxJHXBzpoaEsQF7MWOuYnm9wQjIRdN/dLs5mdeju/fnyu8TAqXrd9BUyHk6UlNRYWDGl7lvC4K/HSrKeNtbi06tBXJwpU28iVowjoV/Wd97pZS+7T7R6v5mfTKv+9uzc8YnBIAAScaxWgufe4mk10wpPSeDS1GhnPmekmQwKCrBKNeP32h9v5D7i8E+PbtCcWrMjPiymMOIybGn/z1tWB95W5SZGnlYizRPhIjzuRAETuZ1IUCfw5wQOAACKjkWiz+PDKXUB/oqaRMjfantz6aUfjel9DsppcenlF5ro5OayXFm3N53lDIiLZL/Y7HkUl9ojPga5fM7UtPtXcsj2+5kXo/s1p8Lf2AQ8Goo+ptcPGr/iTBLm+pduuf4oSnh10HzUlUX+lHAyFalF82HeYhh+E0Lpfno2hcxCtqg5fQ8jKekfsZ02LSYFGumOIAY7j9NKX1hrmf4Yz2Dn20uA4GTeV0GzucoJwRuDQJbRPwSieeRoaH9jFaRkeajKjQjMBZjVt1QZ5b0A5NVWbWRfs+2F4LAvwAj5PmLx2cjggAAAABJRU5ErkJggg==', 1, '2023-02-02 03:15:41', '2023-02-02 09:32:43');

-- --------------------------------------------------------

--
-- Table structure for table `asesor_uji_kompetensi`
--

CREATE TABLE `asesor_uji_kompetensi` (
  `id` bigint(20) UNSIGNED NOT NULL,
  `jadwal_uji_kompetensi_id` bigint(20) UNSIGNED NOT NULL,
  `user_asesor_id` bigint(20) UNSIGNED NOT NULL,
  `created_at` timestamp NULL DEFAULT NULL,
  `updated_at` timestamp NULL DEFAULT NULL
) ENGINE=InnoDB DEFAULT CHARSET=utf8mb4 COLLATE=utf8mb4_unicode_ci;

--
-- Dumping data for table `asesor_uji_kompetensi`
--

INSERT INTO `asesor_uji_kompetensi` (`id`, `jadwal_uji_kompetensi_id`, `user_asesor_id`, `created_at`, `updated_at`) VALUES
(35, 52, 38, '2019-11-29 12:52:00', '2019-11-29 12:52:00'),
(37, 54, 36, '2023-01-24 21:30:32', '2023-01-24 21:30:32'),
(38, 55, 36, '2023-01-24 21:30:40', '2023-01-24 21:30:40'),
(41, 58, 38, '2023-01-30 03:53:27', '2023-01-30 03:53:27');

-- --------------------------------------------------------

--
-- Table structure for table `failed_jobs`
--

CREATE TABLE `failed_jobs` (
  `id` bigint(20) UNSIGNED NOT NULL,
  `uuid` varchar(255) NOT NULL,
  `connection` text NOT NULL,
  `queue` text NOT NULL,
  `payload` longtext NOT NULL,
  `exception` longtext NOT NULL,
  `failed_at` timestamp NOT NULL DEFAULT current_timestamp()
) ENGINE=InnoDB DEFAULT CHARSET=utf8mb4 COLLATE=utf8mb4_unicode_ci;

-- --------------------------------------------------------

--
-- Table structure for table `hasil_persyaratan`
--

CREATE TABLE `hasil_persyaratan` (
  `id` bigint(20) UNSIGNED NOT NULL,
  `user_id` bigint(20) UNSIGNED NOT NULL,
  `tanda_tangan` text NOT NULL,
  `created_at` timestamp NULL DEFAULT NULL,
  `updated_at` timestamp NULL DEFAULT NULL
) ENGINE=InnoDB DEFAULT CHARSET=utf8mb4 COLLATE=utf8mb4_unicode_ci;

-- --------------------------------------------------------

--
-- Table structure for table `institusi`
--

CREATE TABLE `institusi` (
  `id` bigint(20) UNSIGNED NOT NULL,
  `nama_institusi` varchar(255) NOT NULL,
  `alamat_institusi` text NOT NULL,
  `kode_pos` varchar(255) NOT NULL,
  `nomor_hp_institusi` varchar(255) NOT NULL,
  `email_institusi` varchar(255) NOT NULL,
  `created_at` timestamp NULL DEFAULT NULL,
  `updated_at` timestamp NULL DEFAULT NULL
) ENGINE=InnoDB DEFAULT CHARSET=utf8mb4 COLLATE=utf8mb4_unicode_ci;

--
-- Dumping data for table `institusi`
--

INSERT INTO `institusi` (`id`, `nama_institusi`, `alamat_institusi`, `kode_pos`, `nomor_hp_institusi`, `email_institusi`, `created_at`, `updated_at`) VALUES
(1, 'SMK NEGERI 1 SINTANG', 'Jl.', '3433', '2123453453', 'institusi@gmail.com', '2023-01-02 19:23:14', '2023-01-02 19:23:14'),
(2, 'SMK NEGERI 2 SINTANG', 'Jl.', '3433', '2123453453', 'institusi@gmail.com', '2023-01-02 19:23:14', '2023-01-02 19:23:14'),
(3, 'SMK NEGERI 3 PONTIANAK', 'Jl.', '3433', '2123453453', 'institusi@gmail.com', '2023-01-02 19:23:14', '2023-01-02 19:23:14'),
(4, 'SMK NEGERI 1 SINTANG', 'Jl.', '3433', '2123453453', 'institusi@gmail.com', '2023-01-02 19:25:14', '2023-01-02 19:25:14'),
(5, 'SMK NEGERI 2 SINTANG', 'Jl.', '3433', '2123453453', 'institusi@gmail.com', '2023-01-02 19:25:14', '2023-01-02 19:25:14'),
(6, 'SMK NEGERI 3 PONTIANAK', 'Jl.', '3433', '2123453453', 'institusi@gmail.com', '2023-01-02 19:25:14', '2023-01-02 19:25:14'),
(7, 'SMK NEGERI 1 SINTANG', 'Jl.', '3433', '2123453453', 'institusi@gmail.com', '2023-01-02 19:26:37', '2023-01-02 19:26:37'),
(8, 'SMK NEGERI 2 SINTANG', 'Jl.', '3433', '2123453453', 'institusi@gmail.com', '2023-01-02 19:26:38', '2023-01-02 19:26:38'),
(9, 'SMK NEGERI 3 PONTIANAK', 'Jl.', '3433', '2123453453', 'institusi@gmail.com', '2023-01-02 19:26:38', '2023-01-02 19:26:38'),
(12, 'qwe', 'qw', '123123', '123123', '123@gmail.com', '2023-01-19 00:26:18', '2023-01-19 00:26:18');

-- --------------------------------------------------------

--
-- Table structure for table `jadwal_uji_kompetensi`
--

CREATE TABLE `jadwal_uji_kompetensi` (
  `id` bigint(20) UNSIGNED NOT NULL,
  `muk_id` bigint(20) UNSIGNED NOT NULL,
  `created_at` timestamp NULL DEFAULT NULL,
  `updated_at` timestamp NULL DEFAULT NULL
) ENGINE=InnoDB DEFAULT CHARSET=utf8mb4 COLLATE=utf8mb4_unicode_ci;

--
-- Dumping data for table `jadwal_uji_kompetensi`
--

INSERT INTO `jadwal_uji_kompetensi` (`id`, `muk_id`, `created_at`, `updated_at`) VALUES
(52, 31, '2019-11-29 12:52:00', '2019-11-29 12:52:00'),
(54, 28, '2023-01-24 21:30:32', '2023-01-24 21:30:32'),
(55, 30, '2023-01-24 21:30:40', '2023-01-24 21:30:40'),
(58, 31, '2023-01-30 03:53:27', '2023-01-30 03:53:27');

-- --------------------------------------------------------

--
-- Table structure for table `jawaban_asesi`
--

CREATE TABLE `jawaban_asesi` (
  `id` bigint(20) UNSIGNED NOT NULL,
  `user_asesi_id` bigint(20) UNSIGNED NOT NULL,
  `soal_id` bigint(20) UNSIGNED NOT NULL,
  `jawaban` int(11) DEFAULT NULL,
  `created_at` timestamp NULL DEFAULT NULL,
  `updated_at` timestamp NULL DEFAULT NULL
) ENGINE=InnoDB DEFAULT CHARSET=utf8mb4 COLLATE=utf8mb4_unicode_ci;

--
-- Dumping data for table `jawaban_asesi`
--

INSERT INTO `jawaban_asesi` (`id`, `user_asesi_id`, `soal_id`, `jawaban`, `created_at`, `updated_at`) VALUES
(4, 33, 30, 1, '2023-01-31 15:43:05', '2023-02-01 01:09:14'),
(6, 33, 28, 2, '2023-01-31 16:25:32', '2023-02-02 06:17:31'),
(7, 33, 29, 4, '2023-01-31 16:26:34', '2023-02-02 06:17:47');

-- --------------------------------------------------------

--
-- Table structure for table `jenis_soal`
--

CREATE TABLE `jenis_soal` (
  `id` bigint(20) UNSIGNED NOT NULL,
  `slug` varchar(255) NOT NULL,
  `jenis_soal` varchar(255) NOT NULL,
  `created_at` timestamp NULL DEFAULT NULL,
  `updated_at` timestamp NULL DEFAULT NULL
) ENGINE=InnoDB DEFAULT CHARSET=utf8mb4 COLLATE=utf8mb4_unicode_ci;

--
-- Dumping data for table `jenis_soal`
--

INSERT INTO `jenis_soal` (`id`, `slug`, `jenis_soal`, `created_at`, `updated_at`) VALUES
(1, 'pilihan-ganda', 'Pilihan Ganda', NULL, NULL),
(2, 'essay', 'Essay', NULL, NULL),
(3, 'wawancara', 'Wawancara', NULL, NULL);

-- --------------------------------------------------------

--
-- Table structure for table `jurusan`
--

CREATE TABLE `jurusan` (
  `id` bigint(20) UNSIGNED NOT NULL,
  `slug` varchar(255) DEFAULT NULL,
  `jurusan` varchar(255) NOT NULL,
  `created_at` timestamp NULL DEFAULT NULL,
  `updated_at` timestamp NULL DEFAULT NULL
) ENGINE=InnoDB DEFAULT CHARSET=utf8mb4 COLLATE=utf8mb4_unicode_ci;

--
-- Dumping data for table `jurusan`
--

INSERT INTO `jurusan` (`id`, `slug`, `jurusan`, `created_at`, `updated_at`) VALUES
(66, 'multimedia', 'Multimedia', '2023-01-19 00:28:51', '2023-01-19 19:42:32'),
(67, 'arsitektur', 'Arsitektur', '2023-01-19 00:28:59', '2023-01-19 19:42:37'),
(68, 'teknik-komputer-dan-jaringan', 'Teknik Komputer dan Jaringan', '2023-01-19 00:29:11', '2023-01-19 19:42:40'),
(69, 'teknik-mesin', 'Teknik Mesin', '2023-01-19 00:29:18', '2023-01-19 19:42:44');

-- --------------------------------------------------------

--
-- Table structure for table `kebangsaan`
--

CREATE TABLE `kebangsaan` (
  `id` bigint(20) UNSIGNED NOT NULL,
  `kebangsaan` varchar(255) NOT NULL,
  `created_at` timestamp NULL DEFAULT NULL,
  `updated_at` timestamp NULL DEFAULT NULL
) ENGINE=InnoDB DEFAULT CHARSET=utf8mb4 COLLATE=utf8mb4_unicode_ci;

-- --------------------------------------------------------

--
-- Table structure for table `kelengkapan_pemohon`
--

CREATE TABLE `kelengkapan_pemohon` (
  `id` bigint(20) UNSIGNED NOT NULL,
  `user_id` bigint(20) UNSIGNED NOT NULL,
  `kartu_keluarga` text DEFAULT NULL,
  `kartu_pelajar` text DEFAULT NULL,
  `sertifikat_prakerin` text DEFAULT NULL,
  `nilai_raport` text DEFAULT NULL,
  `created_at` timestamp NULL DEFAULT NULL,
  `updated_at` timestamp NULL DEFAULT NULL
) ENGINE=InnoDB DEFAULT CHARSET=utf8mb4 COLLATE=utf8mb4_unicode_ci;

-- --------------------------------------------------------

--
-- Table structure for table `kualifikasi_pendidikan`
--

CREATE TABLE `kualifikasi_pendidikan` (
  `id` bigint(20) UNSIGNED NOT NULL,
  `pendidikan` varchar(255) NOT NULL,
  `created_at` timestamp NULL DEFAULT NULL,
  `updated_at` timestamp NULL DEFAULT NULL
) ENGINE=InnoDB DEFAULT CHARSET=utf8mb4 COLLATE=utf8mb4_unicode_ci;

--
-- Dumping data for table `kualifikasi_pendidikan`
--

INSERT INTO `kualifikasi_pendidikan` (`id`, `pendidikan`, `created_at`, `updated_at`) VALUES
(2, 'SMK', '2023-01-15 19:12:35', '2023-01-15 19:12:35');

-- --------------------------------------------------------

--
-- Table structure for table `migrations`
--

CREATE TABLE `migrations` (
  `id` int(10) UNSIGNED NOT NULL,
  `migration` varchar(255) NOT NULL,
  `batch` int(11) NOT NULL
) ENGINE=InnoDB DEFAULT CHARSET=utf8mb4 COLLATE=utf8mb4_unicode_ci;

--
-- Dumping data for table `migrations`
--

INSERT INTO `migrations` (`id`, `migration`, `batch`) VALUES
(1, '2014_10_12_100000_create_password_resets_table', 1),
(2, '2019_08_19_000000_create_failed_jobs_table', 1),
(3, '2019_12_14_000001_create_personal_access_tokens_table', 1),
(4, '2023_01_03_131532_create_institusi_table', 1),
(5, '2023_01_03_131533_create_jurusan_table', 1),
(6, '2023_01_03_132042_create_role_table', 1),
(7, '2023_01_03_132144_create_users_table', 1),
(8, '2023_01_03_132300_create_users_detail_table', 1),
(9, '2023_01_03_133740_create_sertifikasi_table', 1),
(10, '2023_01_03_134145_create_unit_kompetensi_table', 1),
(11, '2023_01_03_134319_create_unit_kompetensi_sub_table', 1),
(12, '2023_01_03_134548_create_unit_kompetensi_isi_table', 1),
(13, '2023_01_03_134803_create_kelengkapan_pemohon_table', 1),
(14, '2023_01_03_134814_create_hasil_persyaratan_table', 1),
(15, '2023_01_03_135107_create_umpan_balik_table', 1),
(16, '2023_01_03_140952_create_pekerjaan_table', 1),
(17, '2023_01_07_184116_create_muk_table', 2),
(18, '2023_01_07_184149_create_jadwal_uji_kompetensi_table', 2),
(19, '2019_11_29_170454_add_jurusan_id_table', 3),
(20, '2023_02_29_170454_add_jurusan_id_table', 4),
(21, '2019_11_29_171041_create_muk_table', 5),
(22, '2019_11_29_170134_create_kualifikasi_pendidikan_table', 6),
(23, '2019_11_29_174051_create_kualifikasi_pendidikan_table', 7),
(24, '2023_01_11_031907_create_detail_uji_kompetensi_table', 8),
(25, '2023_01_11_110945_create_detail_jadwal_uji_kompetensi', 9),
(26, '2023_01_29_164429_create_peninjau_uji_kompetensi_table', 10),
(27, '2023_02_29_164325_create_asesi_uji_kompetensi_table', 10),
(28, '2023_02_29_164401_create_asesor_uji_kompetensi_table', 10),
(29, '2023_01_03_131535_create_kebangsaan_table', 11),
(30, '2023_01_16_022551_create_pekerjaan_table', 12),
(31, '2022_01_03_134803_create_kelengkapan_pemohon_table', 13),
(32, '2023_01_17_042648_add_ttd_asesi_admin_tanggal_table', 14),
(33, '2019_11_29_165303_create_tanda_tangan_table', 15),
(34, '2019_11_29_164011_create_skema_sertifikasi_table', 16),
(35, '2023_01_18_041215_add_nomor_urut_table', 16),
(36, '2023_01_19_080543_add_skema_sertifikasi_id_table', 17),
(37, '2023_01_19_092258_drop_sertifikasi_id_table', 18),
(38, '2023_01_20_023805_add_slug_jurusan_table', 19),
(39, '2019_11_29_165136_create_unit_kompetensi_isi_2_table', 20),
(40, '2019_11_29_164332_create_jenis_soal_table', 21),
(41, '2023_01_25_093822_create_soal_table', 22),
(42, '2023_01_25_093941_create_jawaban_asesi_table', 22),
(43, '2023_01_26_155523_create_pelaksanaan_ujian_table', 23),
(44, '2023_01_26_160001_drop_kolom_jadwal_uji_kompetensi_table', 24),
(45, '2023_01_30_110200_add_kolom_foto_table', 25),
(46, '2023_02_01_094033_drop_kolom_status_table', 26),
(47, '2023_02_01_094212_create_jawab_unit_kompetensi_asesi_table', 27),
(48, '2023_02_01_111356_create_status_unit_kompetensi_asesi_table', 28),
(49, '2023_02_01_111407_drop_kolom_status_table', 28),
(50, '2023_02_01_231344_drop_kolom_status_table', 29),
(51, '2023_02_02_092048_create_asesmen_mandiri_table', 29),
(52, '2023_02_02_095830_create_asesmen_mandiri_table', 30),
(53, '2023_02_02_100236_create_asesmen_mandiri_table', 31),
(54, '2023_02_02_100659_create_asesmen_mandiri_table', 32);

-- --------------------------------------------------------

--
-- Table structure for table `muk`
--

CREATE TABLE `muk` (
  `id` bigint(20) UNSIGNED NOT NULL,
  `muk` text DEFAULT NULL,
  `jurusan_id` bigint(20) UNSIGNED NOT NULL,
  `created_at` timestamp NULL DEFAULT NULL,
  `updated_at` timestamp NULL DEFAULT NULL
) ENGINE=InnoDB DEFAULT CHARSET=utf8mb4 COLLATE=utf8mb4_unicode_ci;

--
-- Dumping data for table `muk`
--

INSERT INTO `muk` (`id`, `muk`, `jurusan_id`, `created_at`, `updated_at`) VALUES
(28, 'Jaringan Dasar', 68, '2019-11-29 11:20:38', '2019-11-29 11:20:38'),
(29, 'Mikrotik', 68, '2019-11-29 11:20:49', '2019-11-29 11:20:49'),
(30, 'Perakitan PC', 68, '2019-11-29 11:21:14', '2019-11-29 11:21:14'),
(31, 'Video Editor Dasar', 66, '2019-11-29 11:21:42', '2019-11-29 11:21:42'),
(32, 'Desain Struktur Bangunan', 67, '2019-11-29 11:22:27', '2019-11-29 11:22:27'),
(33, 'AutoCAD Dasar', 67, '2019-11-29 11:22:53', '2019-11-29 11:22:53');

-- --------------------------------------------------------

--
-- Table structure for table `password_resets`
--

CREATE TABLE `password_resets` (
  `email` varchar(255) NOT NULL,
  `token` varchar(255) NOT NULL,
  `created_at` timestamp NULL DEFAULT NULL
) ENGINE=InnoDB DEFAULT CHARSET=utf8mb4 COLLATE=utf8mb4_unicode_ci;

-- --------------------------------------------------------

--
-- Table structure for table `pekerjaan`
--

CREATE TABLE `pekerjaan` (
  `id` bigint(20) UNSIGNED NOT NULL,
  `user_id` bigint(20) UNSIGNED NOT NULL,
  `nama_pekerjaan` varchar(255) DEFAULT NULL,
  `alamat_pekerjaan` text DEFAULT NULL,
  `jabatan` varchar(255) DEFAULT NULL,
  `kode_pos` varchar(255) DEFAULT NULL,
  `nomor_hp_pekerjaan` varchar(255) DEFAULT NULL,
  `email_pekerjaan` varchar(255) DEFAULT NULL,
  `created_at` timestamp NULL DEFAULT NULL,
  `updated_at` timestamp NULL DEFAULT NULL
) ENGINE=InnoDB DEFAULT CHARSET=utf8mb4 COLLATE=utf8mb4_unicode_ci;

-- --------------------------------------------------------

--
-- Table structure for table `pelaksanaan_ujian`
--

CREATE TABLE `pelaksanaan_ujian` (
  `id` bigint(20) UNSIGNED NOT NULL,
  `jadwal_uji_kompetensi_id` bigint(20) UNSIGNED NOT NULL,
  `sesi` varchar(255) DEFAULT NULL,
  `tanggal` text DEFAULT NULL,
  `waktu_mulai` datetime DEFAULT NULL,
  `waktu_selesai` datetime DEFAULT NULL,
  `total_waktu` text DEFAULT NULL,
  `kelas` varchar(255) DEFAULT NULL,
  `tempat` varchar(255) DEFAULT NULL,
  `jenis_tes` int(11) NOT NULL,
  `acc` int(11) NOT NULL,
  `created_at` timestamp NULL DEFAULT NULL,
  `updated_at` timestamp NULL DEFAULT NULL
) ENGINE=InnoDB DEFAULT CHARSET=utf8mb4 COLLATE=utf8mb4_unicode_ci;

--
-- Dumping data for table `pelaksanaan_ujian`
--

INSERT INTO `pelaksanaan_ujian` (`id`, `jadwal_uji_kompetensi_id`, `sesi`, `tanggal`, `waktu_mulai`, `waktu_selesai`, `total_waktu`, `kelas`, `tempat`, `jenis_tes`, `acc`, `created_at`, `updated_at`) VALUES
(25, 52, '1', '2023-02-01', '2023-02-01 16:00:00', '2023-02-01 20:00:00', '240', 'as', 'sasa', 1, 1, '2023-01-27 12:17:44', '2023-02-01 01:47:42'),
(27, 58, NULL, NULL, NULL, NULL, NULL, NULL, NULL, 1, 0, '2023-01-30 03:54:00', '2023-01-30 03:54:00');

-- --------------------------------------------------------

--
-- Table structure for table `peninjau_uji_kompetensi`
--

CREATE TABLE `peninjau_uji_kompetensi` (
  `id` bigint(20) UNSIGNED NOT NULL,
  `jadwal_uji_kompetensi_id` bigint(20) UNSIGNED NOT NULL,
  `user_peninjau_id` bigint(20) UNSIGNED NOT NULL,
  `created_at` timestamp NULL DEFAULT NULL,
  `updated_at` timestamp NULL DEFAULT NULL
) ENGINE=InnoDB DEFAULT CHARSET=utf8mb4 COLLATE=utf8mb4_unicode_ci;

--
-- Dumping data for table `peninjau_uji_kompetensi`
--

INSERT INTO `peninjau_uji_kompetensi` (`id`, `jadwal_uji_kompetensi_id`, `user_peninjau_id`, `created_at`, `updated_at`) VALUES
(32, 52, 40, '2019-11-29 12:52:00', '2019-11-29 12:52:00'),
(34, 54, 41, '2023-01-24 21:30:32', '2023-01-24 21:30:32'),
(35, 55, 41, '2023-01-24 21:30:40', '2023-01-24 21:30:40'),
(38, 58, 41, '2023-01-30 03:53:28', '2023-01-30 03:53:28');

-- --------------------------------------------------------

--
-- Table structure for table `personal_access_tokens`
--

CREATE TABLE `personal_access_tokens` (
  `id` bigint(20) UNSIGNED NOT NULL,
  `tokenable_type` varchar(255) NOT NULL,
  `tokenable_id` bigint(20) UNSIGNED NOT NULL,
  `name` varchar(255) NOT NULL,
  `token` varchar(64) NOT NULL,
  `abilities` text DEFAULT NULL,
  `last_used_at` timestamp NULL DEFAULT NULL,
  `expires_at` timestamp NULL DEFAULT NULL,
  `created_at` timestamp NULL DEFAULT NULL,
  `updated_at` timestamp NULL DEFAULT NULL
) ENGINE=InnoDB DEFAULT CHARSET=utf8mb4 COLLATE=utf8mb4_unicode_ci;

-- --------------------------------------------------------

--
-- Table structure for table `role`
--

CREATE TABLE `role` (
  `id` bigint(20) UNSIGNED NOT NULL,
  `role` varchar(255) NOT NULL,
  `created_at` timestamp NULL DEFAULT NULL,
  `updated_at` timestamp NULL DEFAULT NULL
) ENGINE=InnoDB DEFAULT CHARSET=utf8mb4 COLLATE=utf8mb4_unicode_ci;

--
-- Dumping data for table `role`
--

INSERT INTO `role` (`id`, `role`, `created_at`, `updated_at`) VALUES
(1, 'admin', '2023-01-02 19:18:59', '2023-01-02 19:18:59'),
(2, 'peninjau', '2023-01-02 19:18:59', '2023-01-02 19:18:59'),
(3, 'asesor', '2023-01-02 19:18:59', '2023-01-02 19:18:59'),
(4, 'asesi', '2023-01-02 19:18:59', '2023-01-02 19:18:59');

-- --------------------------------------------------------

--
-- Table structure for table `sertifikasi`
--

CREATE TABLE `sertifikasi` (
  `id` bigint(20) UNSIGNED NOT NULL,
  `user_id` bigint(20) UNSIGNED NOT NULL,
  `tujuan_asesi` varchar(255) NOT NULL,
  `ttd_asesi` text DEFAULT NULL,
  `nomor_urut` varchar(255) DEFAULT NULL,
  `created_at` timestamp NULL DEFAULT NULL,
  `updated_at` timestamp NULL DEFAULT NULL
) ENGINE=InnoDB DEFAULT CHARSET=utf8mb4 COLLATE=utf8mb4_unicode_ci;

--
-- Dumping data for table `sertifikasi`
--

INSERT INTO `sertifikasi` (`id`, `user_id`, `tujuan_asesi`, `ttd_asesi`, `nomor_urut`, `created_at`, `updated_at`) VALUES
(4, 33, 'Sertifikasi', NULL, '45', NULL, NULL);

-- --------------------------------------------------------

--
-- Table structure for table `skema_sertifikasi`
--

CREATE TABLE `skema_sertifikasi` (
  `id` bigint(20) UNSIGNED NOT NULL,
  `jurusan_id` bigint(20) UNSIGNED DEFAULT NULL,
  `judul_skema_sertifikasi` text DEFAULT NULL,
  `nomor_skema_sertifikasi` text DEFAULT NULL,
  `created_at` timestamp NULL DEFAULT NULL,
  `updated_at` timestamp NULL DEFAULT NULL
) ENGINE=InnoDB DEFAULT CHARSET=utf8mb4 COLLATE=utf8mb4_unicode_ci;

--
-- Dumping data for table `skema_sertifikasi`
--

INSERT INTO `skema_sertifikasi` (`id`, `jurusan_id`, `judul_skema_sertifikasi`, `nomor_skema_sertifikasi`, `created_at`, `updated_at`) VALUES
(7, 66, 'Masukkan Judul Skema Sertifikasi', 'Masukkan Nomor Skema Sertifikasi', '2023-01-19 00:28:51', '2023-01-19 00:55:37'),
(8, 67, NULL, NULL, '2023-01-19 00:28:59', '2023-01-19 00:28:59'),
(9, 68, NULL, NULL, '2023-01-19 00:29:11', '2023-01-19 00:29:11'),
(10, 69, NULL, NULL, '2023-01-19 00:29:19', '2023-01-19 00:29:19');

-- --------------------------------------------------------

--
-- Table structure for table `soal`
--

CREATE TABLE `soal` (
  `id` bigint(20) UNSIGNED NOT NULL,
  `jadwal_uji_kompetensi_id` bigint(20) UNSIGNED DEFAULT NULL,
  `pertanyaan` text DEFAULT NULL,
  `pilihan` varchar(255) DEFAULT NULL,
  `jawaban` text DEFAULT NULL,
  `created_at` timestamp NULL DEFAULT NULL,
  `updated_at` timestamp NULL DEFAULT NULL
) ENGINE=InnoDB DEFAULT CHARSET=utf8mb4 COLLATE=utf8mb4_unicode_ci;

--
-- Dumping data for table `soal`
--

INSERT INTO `soal` (`id`, `jadwal_uji_kompetensi_id`, `pertanyaan`, `pilihan`, `jawaban`, `created_at`, `updated_at`) VALUES
(28, 52, 'Pertanyaan 1 Video Editor Dasar', 'a1;b1;c1;d1', '1', '2023-01-27 12:17:44', '2023-01-27 12:17:44'),
(29, 52, 'Pertanyaan 2 Video Editor Dasar', 'a2;b2;c2;d2', '2', '2023-01-27 12:17:45', '2023-01-27 12:17:45'),
(30, 52, 'Pertanyaan 3 Video Editor Dasar', 'a3;b3;c3;d3', '4', '2023-01-27 12:17:45', '2023-01-27 12:17:45'),
(37, 58, 'asd', 'ad;asd;asd;asd', '3', '2023-01-30 03:54:01', '2023-01-30 03:54:01'),
(38, 58, 'asda', 'asd;asd;asd;asd', '2', '2023-01-30 03:54:01', '2023-01-30 03:54:01');

-- --------------------------------------------------------

--
-- Table structure for table `status_unit_kompetensi_asesi`
--

CREATE TABLE `status_unit_kompetensi_asesi` (
  `id` bigint(20) UNSIGNED NOT NULL,
  `unit_kompetensi_isi_id` bigint(20) UNSIGNED NOT NULL,
  `user_asesi_id` bigint(20) UNSIGNED NOT NULL,
  `status` varchar(30) DEFAULT NULL,
  `created_at` timestamp NULL DEFAULT NULL,
  `updated_at` timestamp NULL DEFAULT NULL
) ENGINE=InnoDB DEFAULT CHARSET=utf8mb4 COLLATE=utf8mb4_unicode_ci;

--
-- Dumping data for table `status_unit_kompetensi_asesi`
--

INSERT INTO `status_unit_kompetensi_asesi` (`id`, `unit_kompetensi_isi_id`, `user_asesi_id`, `status`, `created_at`, `updated_at`) VALUES
(20, 86, 33, 'kompeten', '2023-02-01 15:23:24', '2023-02-02 09:32:41'),
(21, 89, 33, 'kompeten', '2023-02-01 15:23:24', '2023-02-02 09:32:42'),
(22, 105, 33, 'kompeten', '2023-02-01 15:43:34', '2023-02-02 09:32:41'),
(23, 106, 33, 'kompeten', '2023-02-01 15:43:35', '2023-02-02 09:32:42'),
(24, 107, 33, 'kompeten', '2023-02-01 15:43:36', '2023-02-02 09:32:42'),
(25, 98, 33, 'belum kompeten', '2023-02-01 15:43:36', '2023-02-02 09:32:42'),
(26, 100, 33, 'kompeten', '2023-02-01 15:43:37', '2023-02-02 09:32:42'),
(27, 101, 33, 'kompeten', '2023-02-01 15:43:37', '2023-02-02 09:32:43');

-- --------------------------------------------------------

--
-- Table structure for table `tanda_tangan`
--

CREATE TABLE `tanda_tangan` (
  `id` bigint(20) UNSIGNED NOT NULL,
  `sertifikasi_id` bigint(20) UNSIGNED NOT NULL,
  `nama_admin` varchar(255) DEFAULT NULL,
  `no_reg` varchar(255) DEFAULT NULL,
  `ttd_admin` text DEFAULT NULL,
  `tanggal` date DEFAULT NULL,
  `catatan` text DEFAULT NULL,
  `created_at` timestamp NULL DEFAULT NULL,
  `updated_at` timestamp NULL DEFAULT NULL
) ENGINE=InnoDB DEFAULT CHARSET=utf8mb4 COLLATE=utf8mb4_unicode_ci;

--
-- Dumping data for table `tanda_tangan`
--

INSERT INTO `tanda_tangan` (`id`, `sertifikasi_id`, `nama_admin`, `no_reg`, `ttd_admin`, `tanggal`, `catatan`, `created_at`, `updated_at`) VALUES
(2, 4, 'Admin', '2343124234', 'data:image/png;base64,iVBORw0KGgoAAAANSUhEUgAAAfAAAADICAYAAAAX8rOSAAAAAXNSR0IArs4c6QAAIABJREFUeF7tnQvQRV9Z1l8xLgpCICYCRSoJo6gJeKkBK9JAAgsTRGvs5ihKd03JsHJ0RiZtUnJsJMWaoQFTqKwMZMpCGJlCywsXL0gpFzWUQhQRxOb3bz30znLvs29r73PWOc+e+eZ833f2Xvtdz1p7P+t913t5v/BhBIyAETACRsAIdIfA+3UnsQU2AkbACBgBI2AEwgTuSWAEjIARMAJGoEMETOAdDppFNgJGwAgYASNgAvccMAJGwAgYASPQIQIm8A4HzSIbASNgBIyAETCBew4YASNgBIyAEegQARN4h4NmkY2AETACRsAImMA9B4yAETACRsAIdIiACbzDQbPIRsAIGAEjYARM4J4DRsAIGAEjYAQ6RMAE3uGgWWQjYASMgBEwAiZwzwEjYASMgBEwAh0iYALvcNAsshEwAkbACBgBE7jngBEwAkbACBiBDhEwgXc4aBbZCBgBI2AEjIAJ3HPACBgBI2AEjECHCJjAOxw0i2wEjIARMAJGwATuOWAEjIARMAJGoEMETOAdDppFNgJGwAgYASNgAvccMAJGwAgYASPQIQIm8A4HzSIbASNgBIyAETCBew4YASNgBIyAEegQARN4h4NmkY2AETACRsAImMA9B4yAETACRsAIdIiACbzDQbPIRsAIGAEjYARM4J4DRsAIGAEjYAQ6RMAE3uGgWWQjYASMgBEwAiZwzwEjYASMgBEwAh0iYALvcNAsshEwAkbACBgBE7jngBEwAkbACBiBDhEwgXc4aBbZCBgBI2AEjIAJ3HPACBgBI2AEjECHCJjAOxw0i2wEjIARMAJGwATuOWAEjIARMAJGoEMETOAdDppFNgJGwAgYASNgAvccMAJGwAgYASPQIQIm8A4HzSIbASNgBIyAETCBew4YASNgBIyAEegQARN4h4NmkY2AETACRsAImMA9B4yAETACRsAIdIiACbzDQbPIRsAIGAEjYARM4J4DRsAIGAEjYAQ6RMAE3uGgWWQjYASMgBEwAiZwzwEjYASMgBEwAh0iYALvcNAs8tkQ+J0Rwc/vjYjfGpGC7zh07piw/zsi+Pkf1Qn/p/yP73wYASNgBEYRMIF7chyNwBwSlEw6d4oM5/QBYqUdkeupazj3HRHxsHQSxDpEuDpFhKy/a2Ku75dxqL/7Q+kftKO2xn7/kSLbHBx8jhEwAleCgAm8v4Hkxf/xK8SeIqCpJn9/RNwrEaA0UV3H9yJI/Q8ilEY61f5azRNSk7Z6SmvN59Rkm2VTe5eiAYMp2Grhod8ztnls/lM5F/n/e/mdT/XHZD81E/29EegEARP45QyUtK4/XESqX9A1ObaQPJMVJuE8H4YImXv+z6QRDpmBpaXWBDj2/xb9cBv/n+CzpUFzSYstaf1aAGaN/mci4mcL6TPGIn9jawSMwIUiYALfd2BEwpDjECFn7aqWRJpS1qTyC5fz67+neqOX+5Cm/BER8d60/ypyPmU2nrqfv79sBPL8u0dEPLjMU4gfkofEmWN8otljJTGxX/aYWrobQsAEvmyweeGhKT+8kN3QPuaU2Ti/BGXuFBFnsl4mmc82Au0RwArDfM6fNbFD6NbY22PvFo3AJAIm8GGItM+slxcvsGxSfndEvLlcKgcjmYyloWSTsc3Hk1PRJ3SEgJ6H/Hw8qGjp0tb/sx3rOhpRi9olAibw/0fMaBW8jDAdDmnQ0prRmPXT5YBbaCOwEwIyx/MM8YOlSmT+z2x63wl1N3vTCNwSgUPMaAm8XLIGMTQBMAmKqHkJed/vph8Td34lAn8yIvTztoj4VxFhMl8Jpi8zAjUC10zgkDRagAj7VDgT5r5M2JcSQuQZawSuBYGazL8xIv71QCKba+mv+2EEdkfgmggcE96fKITNy2Is7Eratcx71q53n2a+gRF4HwI8lzyff64ssNHKpZkbJiNgBBYg0DuBi7S1up8yh6NlT2XIWgCfTzUCRmADAljF/lohc0It/2lEfJOf0Q2I+tKbQqBXAkfTZgUPcdcHDmcQNat6E/ZNTWd3tlMEpJX/veKnwnP71eX57bRLFtsI7I9ATwTOnvafLcRdm8chbZni+PRhBIzAdgR4zo72B+E5/8qIeHJEfF9EPDUicIDzYQSMQIVADwQu0lZayNwFnGBE3Ee/aDyZjMA1I/CsiPiKiHhnRPzBM0Ri/IGIeGxEfHZEfHdEoJ37MAJGICFwqQTO3thfHdG2cULDgxXi9n62p7MRaI/AAyLijanZr4+IL29/m1ktfn9EfFREfGxE/PKsK3ySEbgRBC6NwE/tbRM/ipOL0o/eyBC5m0bgcAQ+LSJemu7658uzd7ggEfGyiHh0RHxORPyLcwjgexqBS0XgEgicfTbM5Hij1rHaaNuQNhq3TeSXOoss17UhwDPHM6njE3Y2oSuL21DRH3I53Lvsg/M5duTCPkMFgFoWYkHeZ0fE90bEC65t8N2ffhA4J4HLTP70iLhzBRmJVWQm7wdNS2oE+kegNp/To7XvCYgOZzQq3d2v5GaQA+pYJb5crhZS/uSIeGhE6J0wtJCv21LdAtU0yKMicr9vRLywfKGtuDeU+0yNItt3WAs5HhMRmPl9GIHDEVj7YG4RFGc0OablduRJjrOK97a3IOxrjcB6BNiq+vx0OYR6KothfSc0ZsI7lQHxTcWbnFrjOkielIl4bFvsw1LRoKdExHet79Yd8nDwqaqC7ypVBe8TEQ8p3/+RGdt0PxwRWCU4cPT7+xvk8qVGYDUCRxI4D87fLQ9QFpgH/CUR8aU2k68ex0u6kJcjL/x7rRCKRRyLN2+XrACv0SW/EhHUBtdBpMdQvgW+l4bLs805aL4cXJNTE68VjcU87wyO+0fEW9Y2NOO674mIJ0YE/f/UiS0DclB8R2mTxDNs//kwAocjcBSB13tqdPRHipmc73ycBwGZGtl71JHLpi793969GKuXPqTB5T1RyYU2yWELz/BIMfb/rfrqr5fnlH+rcl8uCMT/cy2BFk6mmN25L6FkHM+JiC/aeXJ9VjKpk0TmVNga/ZfZnL4PhbjuLK6bNwLr97bmYscKnZVqXsFD3KxYWzzoc+Xo6TxVTcsyj+0X8n9pvEN9lOlzrgmUseGQBqzPWis+Vd+cc5FpS455aXJj+eyHSr6q/6ew4pxsHYDQZSkY0vyHFgz8T/3XPa/FcsBz+Q+riUQMNvvFIillOuT5VT2BVs8X+8p/JyIenhp8dURgPn9Nq5sMtMOcgZCZd/SPOXLKCmQC33Ew3PR8BPbUwHko/mW1Op1a2c6XvJ8zMyHrJZhJZoxwlvYwO/+IhDMp1RopMbU/uvQmV3q+FgpaOOTFAONXLyRqjYvr8pZBTfxarOb/o7ldwsGetRZEEHju629GxMvLYltldfewXoxtr6F5f90BFhMcZsk7wTEnZC6b9q2BX8IsvlEZ9iTwo0NRzjGE2ctVpuf6c4lcNQlnK0VNCkMm4iX38rn7IZAtBEO/53kjhy6NNZ8tQ55yL1Vil0/98L3uR8a1HBGSzed7oIUzK2Q4ZCGCUAnV2vtYo00zZh9fBDOB7z1Cbn8Ugb0IPK9oufkcz85LHKb8opX3qrS0ufte2byavW+HtLJLxMAy7YtAnleyxshqo0WaivLw9xLNnXZUYlf3EVnLBM6cpF3OJYxKxxxT8lpklPehtnjQHk5hvD/20PRrebk/pnNwp7/8PXXfGqefjwi85X0YgcMR2IPAvywiSL2o40kl7enhnUs35OWFqTCbsIdMo2i5by3XPXimwOwbSzvW3qhM11v2gWfe3qddMQKZ3JmvciI7RewibPxOuCbvWYu0hyCr97/32O4a07iRUQmbpgi01XDjSc5+v7YM5pjOufczI+JrKiH2eI+26qfbuWIE9ph4PxURIr+5D8UeEPOA8jIbC4GZe8+aoKU517Gsc9vzeUZgKwIQuQj9E0ue8N9dYprvFBFohczT/xAR3zbzZvhEKNNZS+0bglRdg9pUzn3Qto/MtMh7AXmy9r8kFOwfR8TTKkw/fIbmPnMYfJoRmI9AawLPzh3fEhFkWTvyUJIYSHvIg1l7zCLhsX3ksXClI/viexmBMQSY21qcaoFK7DUOZ6+LiEcWglLCEpnJ5YjGc5CtQ3kfmHu20L5PFSQ6F3ETU54XEcjBO4sFxNyDdwfWPB3Ejd9z7sU+zwi0RKA1gbOHxgOCOQzt+4hDdcJlMqzvqZKj2kc8QibfwwjsgUAmbch5bjndrLFLcye96evL9g+//54kMIlMfmBlB1gMoOEOWb5USZD3w1HJepADU3mt/ZNxbk3WR+TOEQd2Yls5UXzZdgRaEzgJQX6w1A/eLt14C9K0+RzyYD3Hi2LP/rrt60egdpikxzmn9wNLPDakrap8W0mQez4uIp5faZSkCkXLrPfa2U4a8uugnbGCRDR9dNImWSi+NiLALR/gx37/mr122n1b1V4La8X1z273cBcEWhP4t0bEF+7sdT6ULQpwIG2KDPBys/PYLtPFjW5EQCRdhxoORTTUvhevLSmHt5J23YW87cV3XxUREB+HQuC0UOYT7RNrFs/auyPi0yOCfeWh48gSwGAqC8WQdzvvB+TckkAKbZ7cFvm4BCfdjdPSl/eKQGsC/yslDOTLK0/0VvjwQiHVo/a3ecnxQJq0WyHsdlohANk9KMVbD6WoZf5Ky8371K1J+lSfapPw506UyHx8MZE/KiI+cKBhlQDmmVyj5S7BX4Q9ZomjrV+PiC9uVM+8XuzQ/t6lVpfg4XNvDIHWBP7REfGKQrCtPdAhbchbJnNCOUi76MMInBsB5iSJPZQjvNaoFXut1KMQ2yVYif50RDyvAm8oZ8MUUb43In4tIp5bio/ssQBRetPaeW9o7FXZECsBC/xW8tQObNxnLN3vueek738DCLQmcCDjQWOiY2rDvLTFZKUhqNOytl4c3MBQu4sNEcgZzYa0Pxyb5PF9yc6ThJt96ACBI3sm7SGSyiQJUWKeRkPFDwavbszna4iTe+UENISk1vvYQ0OJNQM5+NlrcVRbK05Vams43dyUERhGYA8C5048hJjQeAm0MDEpsxsvDRxQXMHMM/pIBJQESBp2JrSc2UwlNI+Ube29cklM2viNiLhLRPx0yuNQty0/E+2BD91bRM4CHkInxvrUAVmzt8x2g/Dl/DeW90gubVq3A/Y/FhGUJH7Gzib7qUpta8fB1xmB1QjsReAicYgXEkdjZmW89tBKngd8r9X1Wtl83XUhkPeuM6Gol3Mzm10yKixACPmcMv9C2FqULLUkDGnk2YkPbPn5hZJ4Bu9uqp497ARw0vq1yID4FdKFxj/mTNdiLIYqtTmBSwtk3cZqBPYkcAnFQwWRk3OY1fgakzrkz0LgCHlXg+kLu0MAzVpFPdAEh7zBM4nJLN5dR4vACq8iHehYquAXRsS/Lc/pVic08EUzfkxEvH/5QRTaxbnsPhHxuybAnDKNv7nkIt+73kK9/41cQ97uvc4Ny90hAkcRIi8OiJyfHIbCXuGcfTKZ+/Z+SDscQos8gUAduqU967H8AXnv+hrS5dJPiBRtdSi5yrsigugRQkA51jxjwhii/qSIwJlViWEgasqS3n3mTFWsucz0p94Pei/snUxlKP5770ptM+HyabeMwFEEnjGWpiMTGqa8l0TEi0+Yx7X/ZOe1W56t8/rOvMIj/M8Uc+zdRi7jpS9vcJH2nMXkPCnOd5asCjxnT6g0bSJEHhERGRM9UzifzSHwR0cEoWQ8k5i7MXuPYTyFws9FxIuqcVgyBtKK1yw6pmTL3w/Ff9t8vgRBn7sLAucg8LojvAg+LSKIK+XlS6iYXqg58xMvmBdEBHGqPoyAEMiV5upYa0Kb/muZT3W8de8ISuvVPr3Spapf7BezV0x+dIVT1WV+s+ZaE/jHlefxM4o2ff+RPfN3RgT5wEk0w6GKfCLiXFcgf8eeMk5uJEZZk3ZZZT3Z4hiyprQcX5xmyTSnY2+Nv6XsbuuKEbgEAq/hVa7m/GKC1Km6hBmOFxO5jdlPX7Jav+JhvKmuKYSL+TGWb1vhRGv8LS4RTJURlfWqXqhooauF71CRnrpgCf0kQoTjAWXfm99/qVQlo6pZfXCf10TET5Y98q1bDJKJ8YLElzzPcipbUkls7djW4WN7a/xr5fR1N4bAJRL40BCIzNG+2V8jtIQ0jpRL/OaSPGbJw39jw9x9dyFq1bke0rYgFuUH7z1KIZvAIerasU6mf3mFz1mk0AbWqxzz/Y7yHA1Njp+IiB+KCEoD6z5bHdrGJiGyQeA4uS4hceQh9GzvVKa1+dzOa92/Tq6nA70QeI045r2/ERFPjQg0BZxkfjEiKMKgbFcqHXo9o3VbPVE5ymutMkf/cuzzkAlcczlr1kMWK9rBpC6vaJH+kFd9vv6tEfHqUqBD1oxzvBOQm4UCoWRYBaYW4zJpH5EJrTaf2w/ntt5DF93bczysLQGRdzvmNGVrw7z3kLIvhjajVIoy9/Gp5BstZXFbbRCAdKjbPEQ+aJ+8UNHYpl7ybaTZ1or2qUWuKg4yZAJHo6SWN9nR0HzRkDMp59+Raoqc3xIRv1rM4R9cdaP2oM7m9XO9E8CEcSVKBRIf0/gzoR7hCZ7N59773vY8+OrGCJzrYW3cjTuaI6QEIscDWU47kDXa+e9IL7xcCYqXRd4vzHt6tTMOWG3d89uj39fSJuNHHek6tvbI4hhTWCrNp5KH6G8lRBGpEtvMVk99QM6QKjHRhFfxozam7q3vaYPrmNNvTwVFIPz3lGxqFBlhsYDX+cdGxD1T40N7xnII47RzvhOkiePzwj5zfSgfBP/fO3GLFkmY9nV473vuLPV5hyBwzod1rw5q31DxvhA6R03IWuHzf16idy0OPB9QXrBgwznSmiRvfokPedzqf5yPZy8ExDX5fmoLSwAH3/WgUe4xZmMaN7jhpbw1bS7zQYSL/Fn7ZU/4Q0ooFIRIOBSfHPhZjCU7qXEgDSlbObq2/p5Un5ir8xjnheP9yv40xAv5j907W47quad7spWE9z1kh9d59p4e27+9FAKnD6r4de+EF/Lhra7F3VE5yLPXvrXvPZ5+t7kJgWsk8CFAINAhTSdrULy80WykRY0RdR0Wg1bOC5hQGl6cOnjZgG8mjyxDncay1u606BhzykKOvFio+60Fw5gpUguUvZyTpiYm+BBNUJuCIe6/XfJbaxEEkSoRCOT2YaXABZgxbuCfF1hDKUKl8XL9GNGS1ARMsdownlzDgXaL5ssnB79DpoRQ1eMz5AGesUA2OaopF4K+z3nVM0GvsfzUqT9pG8zHxlthZJk4p8Zwj+9F4KqhgMyQt5wXj9C81S85yvF3i5oOe+DlNm8YgVsh8BZDLKLJGnn+PWt6QySfXwr1S5SX6ykyrq0Aaov/a3HC/3JCDUiPvc8PKoTFC1rjTdEKMmXNzY6l+0FgmcSmcIUs+WERw73XJvzI98laLISrtJxa8Oj7/xUR/25EQJHuUVYPhb7hKJYXLGh1+GicclKbwnjoe+6H6TcvZKb2i0Xg505QIgJnvoDXd6R+HEneJKvR/DnyvmvG29fcKAIm8H0GPhNu7XxU/40EImE+s8Y+RzqZ4XPiDJFZvh4TLlmz6oN7ahtB3+nFn83CaL35YC+Xg0UABSlUNQrtlENEr2vY9+X+WVvmO0gYEntl5Y+gPvQaFpbTl0p7xIStFKFzwr/mjP/QeLKHnMPt5hDQ3Exsa2Raco2yq7FXj0+Ejq8u5vUlbW05N++3n3tRs6UfvvaKETCBX/HgXlDXnl2cDLEG6GDhwR4jP0dpwntCopzjSjCjRRD7tSLtI7YrWPDI74P+ziFvzmNBxh78E1NSlz3xGmu7lp/zpqwHreXMXvlHJIppLb/buxEETOA3MtBn6iYmUELCsme5SkKyR9s7cSu5jBINAbP6N6cYR+thqWOW0fiRbQ7Ol6KB4xB45wTMOeKutYiY8htoPX5uzwgsQsAEvggunzwTAbRPHNTq+szPj4ivPOFINbP5s5wm5zORdd7Lnip5eYTAdZ7zJeRN30iiwnHOd0J2vCNE7otKBrkj8NM9VOGMv4822x/ZT9/rChA458N6BfC5CwMI8AKEvLMDFWTCy3mvfd/WA4HsmKHHCoVoL5v+KFFQaxmWtCfHL12zNN3nJSRyqVOWtjKbayzBBqfBqUOe50cUSZmSxd8bgZMImMA9QVoikLUXtYsW08M+Nw5Tn11KZObFRw7tksf4HJN0S1xPtVVjPnfPO7d5bgJXAhc5cOJwSXz+2oP+aHujTgxEaCAFWyi1WjtIZizPYbpf219fd6MImMBvdOB36HatQaHB8L9L9yIn0QkLDEj79RHx4ymf/lRM9w4wLmqyBXlzQ5mul2rui4QdObmO82YPnAQ7cxdJjBvZ5j6yWEwYT+ZeDs/jd6wU9FOLhLoICu28ocwDa98tRtZt7I6ACXx3iG/iBvnlR4eX7L+eAyDkReOGAPEeR8vm5b4169uRfWlpcpYJ/uhsYzV5g98fj4jvnQCS69Cw+QQHMt09s1yj6ml1E9nBb2hvO/sQ7F3h7Mh54ntdMQIm8Cse3AO7ll9+aC+8WOdqUAeKeYeWDXGr+A335mXOy/2IEK9Wfa0TnGwlnHMQOGZuMqzl7YpviIi/OQDSUCIcwvOw7hCvPWXlyeQ9ZBrPqWSPXsS0mhNu5wYRMIHf4KA37nJ++dH0VjJpLN4dzSEj4WwQnwiDFzXE1YtjnXB5VNFQianHcgARThHYFKZHE3id5hX5/k1EfGYRlCQ42duf95RM4nMIO/d3irw5V8lj+N0FS6Zmi7+/GARM4BczFN0Kkl9+l6a9QALsieZwNiwE/N0bcTNB6A/pPUm4Qj/4u4XlQBaUvcdvLP/9z0XEP4+ITyl9YmGylrCXkndeTKxxAOz2wbXg/SNgAu9/DM/Zg0dHxMuKAJeU9IL9UV7MOVa7VXWzc+Gdw/Nwtntkw20KpQ3di8BlAanzAghLapd/X3Ie3GpRoN05mnfOGX/JWz/nmnO+74UjYAK/8AG6cPGeGxHsKXJQdOIvnFFeTOMQN+bgnAechQX/Q8vs9cje5miJrbPYyYrSmsAZk38wMC/If09ufKrCkdjn6xoODPdkb12Lt7FwsNrx0tXGGg6CmzoGARP4MThf612U9IIyqg9oqBEuwWvIMY3rryXXek7SsldebhF4CxOyHM6eFhEPqTK7UfTmGWULg33u1gsGSJuFpBZwp2K5c7GSVkljlsxbn2sENiNgAt8M4c02wIuaqlcc50g5ee3ELauGzM57YpwrgKHdLzlE2CriQhnXD0jV6WgLosakzY8WJK0c8Gi/Tt1L2+AGSQ8dOWoCb3acG30Yge4QMIF3N2QXI3DWDO99sPZNKBj3zyFIAIOGysu5hWPXOYGuzcB7a4hLCDwTNqStpCnvjIgnl4Qqwq729M+x6636VKfu5Z7cZyyMMW9HnCNxzTnnle99ZQiYwK9sQA/sjggcsqRe8hEH5IGJtE6PiRaF5tg7cUub1B7uUQlmROBDWr58C6Rhy0OcjHWEsn3cgAY7FKKXHcZamOqRh9BA7XXP8XX4grLIkxf/peYrOOJZ8j2uAAET+BUM4pm6kE3oR+SNpkBKbd7trUjK1FBBlt9fFihTZuCptpZ8XxN4znLG4izHXj+oEHZ2FNS9aOd7SjGbfP9M3luz9A1Vupvj2Ie8ry4heNQ+f9iZFnxgQR9I6crvSkizZLx8rhG4AwETuCfCFgT04ueTBBh7HLx40UjrmuKYyrECXMuRrQst94en8AFfCJrqa4Rv8beqrb0uIu5aCHton1jncf1YXH1tsp5bn7yWG9Ijpj9vnSxZwOGvAcY4XD42Il5e3YD2tSXDImXo4HtM81q85Gvy+b8ZEc8re/5gw3myFMi0z6esG1z77oh4yol9+6lx9Pc3iIAJ/AYHvWGX854mtZuf07Btmsqam5rmpQ0ptIgVbizu6uZqDXWP/kE6EBNEwu/ckx/w5P+QCdogYV+PKaRdb1XQQc4RYU9tWWQ/Ca6jX6dS7CIXP79VogjUPhaeL4mIBxeE0aBp778M+EGojTwYaNv3HRkdFkvIdKovfJ9/Tg0085J7fXeRbaxdFiNfWgqx0N6RFpfVE9UXXhYCJvDLGo8epfn5Uj0K2dGKcU5qcbC/WWvYc0ylLe59ZBs5J3irxQltQsoiaT551iGX+gfCe1VEfHBE4IiGB3k+CP36gXJdrbUO4cT+MtaYvxgR9ykn/HREME8oEYpGT/w3B4uGeywEm1KjL42Inxy4bqh6HCVin17O3SsMb24XGAccMHNKXxYieOePeczPbdvn3SACJvAbHPTGXYYo/klEfHppl5eRkrusvVW9332UM9daedde18K8jGMWpTQhB8pqEo9PzWuI7j1Fc+RvfiBMzsX57NSBtknNbD7fkU6EeCFcSPhu6Uf/X4oDiwOInSNr5rTHvLp/RNypanRJwpXsp3FOj3O0bfw3ZNFQjoLeiugsHV+fvzMCJvCdAb6h5nlBoTHjnMN+KCQ+ZWKt4YFg8DLP+61H7gcfOVxoYsoOVzt2ydyNPNo75eWPaRaMMAnnA5KFcPn80Yj42XKeiJZr7jfgvV/396si4psLmXI/9sWzFl+H7dXXU8v7LhHB5w9GxCvLj8zPbythZ6dwzvXZOY+Fx99Ke+xzt07AkH1vZG6ZN37uHOH+KlmbC+goHn5uOz7PCIwiYAL35GiJAC8tXlBk2eJQQQqInBcvZDz2As4e2JJpq8dyy761aEvETDayx5UGMS+/sfyec7fzr1cUAkLbJdYek/QvRwTXQNaYkdFg5dkMhkP71rXshHnJlP7DZR+ccygoggZfy6HrIULGUg5rfLIw+Jy06Fob0sc9sbxk+bdsmchpDdmPrDCm4jk5vI1n4hryE7R4BtxGQwRM4A3BdFPvQwANmh/txa6BBmLCCzoONR/lAAAUtElEQVTva8rZaKrWeHZkyqTG/+9ZtFTJBJGpvaE9VEhLB9/LExmieWDZ/797OQHzLoQG4Y55KuOgpecOz2M8ljm/5cHCR1qv+senLCIssKRZj5E1beT98trLvM6Et7bKGzhB3NnqssS7fAg3rDjKYHdEiKO17Zaz123NRsAEPhsqn7gBAZEEL31KRvKpvU9pcNk8+zMRQYlJHZANpvklR9b2M/FjVqaYRk3ymItbH5i1pV1jCv6YsofM/V9cCJL+s9/70CIT30G0aMZghDk8LzCGZMyLkPp7sKdvEOQnlTjosX5+Q9HCp8zUjAeObeyHz0mgMnQ/xhtHxRzb38LXIUdGtEgYc2pODGnbOKOxlbR0+6j13HN7N4CACfwGBvmCuzgUJjYn57fibyHhTG5TmvkQFMggj22RuhYchCthrn5zRLCowGythYfM2LnNsVjo3M/XRsTzI+IjkjcyJm2FZk2R56nhBBfIGvn1U5/PwojFgbY3+J7kMRxzTM2ZIKlGRyjUUtyHUuFuMZerj7VH/9qY81MYD3mSYzHARI6p3IcROAwBE/hhUPtGFQJD5L2XuVMavIhZsdA5mxgmYJmMITdIaQuZqrvZWY0FAFor9xJh615rJgiEjTlcZD20/61c5dyHe9Zky7VzCTzHda8ZK8gfc3nGncUL5u6tGitYsO9N261r09Mm2emQM3uSe297zaz1Nc0QMIE3g9INLUDg8RHxohKOpMvmaH9ztE85dGmPt075mR2x5FzXgqizbJAqTmpfnEz/PxERzyqa7xayUvYu+RnUmChXuQh76l5zCJx75vzs3HvM2jA0RnXecs5hHDCft4p/Rj7to69ZXNRyC2dIO/sJOG57wYPuU/dFwAS+L75u/bcjkE2wfPv2ot0sIYRs9ublKtLOd9MeuLTq7D3delyyFow8aNrstd85It4SEZ+3kPDGyGSMtLeY4KcIvDZLI8PUokDyMy5o3JkAW+xz1/jk8qBztmDGxl+aNvLWTnXcY8iC0XouuT0jMBsBE/hsqHxiAwRy4hKawwP7kTNM1SquMUbWysmdNeql+7JLupflQaas9T4kIp5WGtu6rzu03yo5ldJ0K6mMEXjtZLakL7SpjGOSV8lLIMKWY5PnFAuZMa/6sfEFYxZg2TzOucwpZUibu2BZMod8rhHYjIAJfDOEbmAmAjV5Y0JFy6nN11P7ugpvkhNWa/N33R20MnlxyywvwoY8pdnXZmb2i5WoZSZEd5wm0y3X1+Z/CEqk0ooEhwicscJDXPvJ/D3H1M3CBrN4rXGDQ2viBqvsR8F84u85uCCntOyM8ZI870vG1OcagV0QMIHvAqsbrRDgJfmG9L865zcvXr1Uaw0K0oKsRdhzXtBbBkAE+tQU8pYXDchRa2TZOQt5+XupnGAEaeY82fQDYlL2rj00wUzg3EcOftx7jtY9tuCQ3HsQtxY62WkNuU8lCWJ+KTeBQhZZiLEwkUPh0jHbMs98rRHYjIAJfDOEbmAGAhADMbMckGEm65qw+D57aM9ofvMptZcx5ENdaxztTsVYc2PlbV+zt8vCBVw+PxX+UGfQBiG/Jb4BS4Gg34SB/aXqQoibe5+yboyZ948KqcJzXou9Jw1YCE6ZxsGUObm39WbpePh8I7AIARP4Irh88goEau0bb2z2iXUozOloLYh9TzmFIaM0RuSY82KHPJT6c4nWzT2lDda5xffWtsFciwb5E+QhfUnZvx/T9KVt58IcXC9Ndor0V0yfwUtyOFuuMJa1bJvGW6Htdi4WARP4xQ7NVQjGC5XyosqNrk7JQSgnE9m7w9pbF2mryAWEvVQbgzRkUYC06rKndV+GUm3qHJEfpTq/bQcQlNwFLf+zqvrZLBj+fXK6G/PgFjEqPWm2Egi/HUQfbDL7UrywZISrvcZznP2cvfujZPd9jEBTBEzgTeG8+cYgqs8oKTtr0zjgsMf77BX7w2uBRZ6sadPO1sWD8mz/eEQ8cSKkaij+eW/yy06AaNu1T4HILS9ayM/OkVOPgp1ShWZtVibyrd7va8aU/ryslEOta5dvCaVbI4uvMQJnR8AEfvYh6FqAOgtYNglDFKQb/aOlh1TOyqbzvTo+tPfZIiQoV0ubijUeI+496kBLw5aD1lA2NvkVUBzmBQPAi8CpfkZt9zp5SQv81o63zPZPiIg/lQrBkBL2P9oBbS2svu4aEDCBX8MoHtMHabMQBGRRhzghBVoQpE1NaVW/Is84x7dHxBfsJKr2dbNcLUmH9sn0RZ9PZfmCbOp65nSZxQxm9ha5sqVhaxyGCDt77s9xgntVRDyixOW/fxmjlvgtHXYtwrQoyddT7AXLwHcubdTnG4FrQ8AEfm0j2q4/eonK2WmIsE85oOWMa0tidOf2YG/Slhz0A1LmWTkVqoRjF1sE2QohjXtqj/xUn+cQtjRsFk1z9nzBTkVP/lhE3D8JgM+C4tvnjsXW87Q4VE535LlLco77yIh4VPn71BhslcPXG4GuEDCBdzVcuws7luAi33juHjJkohKdkMKapCZ1h48ibd1XhUjGks5wHoQCwdcLHMzsa2KgpxLZcE9lnpPn/tTEyL4AYChZlW6WeuZkxOM44p0gs7gIuy5u8spi6mcOsTDC25+jRY7zKaz8vRHoBoEjHtZuwLhRQeVhPOR0BiQ569hcx6WsfXM9L+i1STKGnKkgVOWm3iO5CQQDabAXPBYihlyck3NmgxfnQzpzQtE4X5neRGYtTOJZo83jmlO+Ip/M6zksa2tRmaHHKEcA5EQxeTGiZD15nmSPc5P3jb6g3O1xBEzgtzk7pMnygqxjkUXaylA1xyRbo8jLWKFjUw5fYy98lW+UF/WQ9/Qeowf5sd8NRjnGON/rmRHxNdXN51bXyr4EQ7HYWgSI0ObsYXPNqfSgOZPdEGZ5wdWCwE9ZEeaWUs1pUtfMoT3mhts0AheFgAn8ooZjV2F4qSosaEjL4+aEEYm41wqTU3Mu1b6HsnsdWb6RBQ1aNc8FWnTtdJY1c+EzVaSDhYzCubL5Ol8vbVhEOwd7ZY+rY6CXOrBxrzxma7c7cna9PL+yn4QcG6f6R99IkwreObRt6jp/bwRuCgET+PUPt0ixTsKhnreO681pU+e8fIeye8lETltrTe9LRjZ7j9d52tVO1sz1PxKJfFmKBZc5XIQ9VBlrzIw9R96hLGpKBKP632vwol0IU9r/nIpedQnVvCDJqXCXbnHkcL0582cObj7HCFwlAibwqxzW91W0qlNe1i/Z1qkvefm+LUH64ScSnWhvGxllxj9S25aYOUSM+7PQqUlQnui5CMbTI+KNRXuljSHtWoSoimVDhVBOzcCh7HGcL6/zuWlf58xyxYK/JiI+ZuCCHJUAwWcssrl/7t7/mExsX4D3mtKgc/rpc4zA1SBgAr+aobyjI0Mm6NzD1tp2jd6c2sy8/GXK5/oj8n8PjTIERNgXCwi02LGSmdnBi3beGhG/HhEPHGiUvsgcnp3ElsyyIdP4GkfCJffk3Bw1wHshy5EJW4sSadlbCTvLyYISz/8lueWX9tPnG4GrQcAEfh1DKUIcM33OqS7VAgle6uyFctRew8iYLQJHVa0a6ldd/hPyRkuGtEg8w0KIuGPwvO8IMJAM12Tteg2G2eErJ6I5Op83oVufXDrwjoi4R+rMmn31pVgoXGyPnAFLZfH5RqALBEzgXQzTqJBD+7I6+eh9ZO4rMyy/37sIgkaVzeRHLSaGQIOYcVKDmH8hIihJiTYNjnw35JFPO5zL4oQ0pCLtLTNH+dm1V05beW/8iEQqYyZxZJFVZIlT3RY85ETHoo7f1+zjb7m/rzUCXSJgAu9y2O4QGq0RE3CdQASCxPlrbvhRKwSyJ/ObIuKlZS8TUtwjB/iU3MoRDj4PLXjdb+QiiAPSALOPiojPTeeNhZJN3V/fK+tZ9kSvCXvvqmzCIsea5z1szOAsZB5bhMYXoI5vn9vfpecpXIw5gnxLnd6W3s/nG4GrQcAE3t9QDoUy/UZEfEUh7nNpL/VesTQ5/j83Acya0YAA7lVe/pD1kDb93oi4U0RQAONFKU87xJXxyt7YaKEskpYshLheJnjFeIsoMUNzP+2N70lU0q7lXDcU1pX36sE9L8CQDQfEvQ+wwfsda41TpO6Nttu/OgRM4P0NaXY2Qno0REjyXMSNDOxvIwdEyvH6iPjaRsU7aC/vTWeCFjFBtjJt65PKZ18SEfcsTlFgdIqMRSa0P2XKlUabvc/lf6D0pPI4F2nvNdNyJrdskpeWPzfGPC9euBZS3XtOQd4sFND2lyyU9sLS7RqBrhAwgXc1XHfs0ypeF1M5pLSnJncKHcVvI0Ntxp/K5iVCVvt5/1laNN+hNX9qIWD+lsZck3WWM5fyXFIFTA54Y05U9BfZXhwRH1q2BUTOyKPf9yS9Uxq+POAlx9ykKRm77MPwpJmFUdY+QS8v4Wo4O67J9rf2vr7OCFwNAibwvoZSZupzJriAyHBMI2MXGrcSiaCF63hW2VPlXGnJImbtN2dC5ndIEPITAfK5JEQpJ2NBpqFMamOjncPfPqG6r5KnSCOdW0Bk68yqk8JokSMNXwTdcuGQU+Bu3fs/1X+Fi+29SNg6Br7eCFw0Aibwix6e3ybcr5TwHl7aOKrhbFRr4HrRPz4ifrW0IGLMBLmk57T5KYWMcQjjUFsQm0zn/P/XIuLryzkyiy4l4yWyaUEhT/elWwpyoqId6pj/5dJPPMUhdvoH1vzsZe3AakDltnrPmsWOtHuZ5PeSAcxFrFpcsZhpfegea1O2tpbH7RmBbhEwgfc1dG8uccl3TmLzYpd5l/FUXPK7E4GjzcmZaixUagiJuxVyZp/yrhHxroj4qYj4zojABCpinpPAZQ+kczw3ixlIfCnB/WJEfMiAcHtkhdPe+eOKZ7z28zNRZ3P8HpidajMXNeG81vvgIu9zWpCOxtT3MwK7IWAC3w3aQxrOiVtaxCdLaNrFTK5QoqnynVlzO6JyFJrqt0fEw4vDGcS9xglKqV/x4n9uWZhI+2yxl53LeiIzC6F6j3qN3HtNrjoVbqsSnuBAzXTmlcl7r9FzuzeHgAn85oZ8tMO1KZoT0ULZ862rctWN5L3TPfc10fTZa4cIsAY8o5h9t4wi/W5B1jnWWt7gSs5Sh2xtkXfva3M2va3x4PWcMnnvPXpu/6YQMIHf1HAPdrbOn74m6Ur2Xj5VwGQN2mhvWANUu3zvfO5zZVSCFhYTyMhnjvXeM/Z9roxrzsvbIVvM6Dgy4k/wgcXREQdMLDU+jIARaISACbwRkB02k8OtEF8hV0uJJ4e2vSci8v78Flgw30Pc2iY4V4Y5+qB85TmbWo73Xlu4ZAs+e11bm9GXWlTqREMkz/nMhREFe/XN7RqBq0LABH5VwzmrM5CQ8oFzAVrjVJKTqYbZQxZxf3REvHbqgpHvFbKloh5rrAErb/2+y3L4lrzCceaqq4y1MLtvlXWv698eER9UGpdlYc696tz8r4iIJzTaophzf59jBG4KARP4TQ33Hdos9ZbRkloQt9DLaTifEhGvjgjqSo8dOZGLUo5ClkoIM3fvfevoESomT3CRNc9ETne6dya1rX3Y4/o3pLGYuyVS10w/wplxj767TSPQDQIm8G6GarOgkDYvZj73iMH91oj4wiTl6yLi7hHxS4UMpsLXIG2c4VpX4spFTbRXnZPKHBlnvXkQD2og+zRMEXFOoIN4p2qrHyS+b2MEbgMBE/htjDMvWUpnomXu5QmMJv2IYjIlZpy59YkRQW1pZVkD7ZzUpVVykpqkRdDaP8faoPvmDGa3MfrLe/mqMpZc+V0R8S1VmJ7wRuuWcyHn4mDI/5bG4i+X0FcYASNwx0vWx3UjkPclecHmylQ99Vxm90zOOYGN8qTnz7raWE/9PaestTWF0rA/lLLxDVlTlmbAO2f/fG8jcBUImMCvYhhHO4EGSgINSA8TNdrSJTtf5apjkATyK5+6Ko7VRH1JiVCuZTblDHen+qQ8+OcsqnMtmLsfRmAxAibwxZB1cwFkjbc5BLiX2XwNGFgAVL+b6xVHDXlnU7dM3i0zzK2R91avqcMMhQOkTWIf+SvcKj7utxE4OwIm8LMPwS4CkFoU8ubAmYwfeVbnamB73FxmbXmU8/fnRcTvK7m1h0zc1qL3GIntbT45Ip5XQgQpY/uPZmTl235Xt2AEjMAsBEzgs2Dq7iS03OdExHsj4n4R8aCqByp4gse3tN65nZQGrb1oCJpQI46cllQJYbgXMcU/duHm+7n9v7XzHlA6/KZb67j7awQuHQET+KWPUDv5tJeseGs+iYPmQAOuHb50Pt/XtbwVesV38uq253G7sXJLRsAIGIFJBEzgkxBd/QlKpFJ7Fue9Z3tzX/00cAeNgBHoDQETeG8jZnmNgBEwAkbACJRkGwbCCBgBI2AEjIAR6AwBa+CdDZjFNQJGwAgYASMAAiZwzwMjYASMgBEwAh0iYALvcNAsshEwAkbACBgBE7jngBEwAkbACBiBDhEwgXc4aBbZCBgBI2AEjIAJ3HPACBgBI2AEjECHCJjAOxw0i2wEjIARMAJGwATuOWAEjIARMAJGoEMETOAdDppFNgJGwAgYASNgAvccMAJGwAgYASPQIQIm8A4HzSIbASNgBIyAETCBew4YASNgBIyAEegQARN4h4NmkY2AETACRsAImMA9B4yAETACRsAIdIiACbzDQbPIRsAIGAEjYARM4J4DRsAIGAEjYAQ6RMAE3uGgWWQjYASMgBEwAiZwzwEjYASMgBEwAh0iYALvcNAsshEwAkbACBgBE7jngBEwAkbACBiBDhEwgXc4aBbZCBgBI2AEjIAJ3HPACBgBI2AEjECHCJjAOxw0i2wEjIARMAJGwATuOWAEjIARMAJGoEMETOAdDppFNgJGwAgYASNgAvccMAJGwAgYASPQIQIm8A4HzSIbASNgBIyAETCBew4YASNgBIyAEegQARN4h4NmkY2AETACRsAImMA9B4yAETACRsAIdIiACbzDQbPIRsAIGAEjYARM4J4DRsAIGAEjYAQ6RMAE3uGgWWQjYASMgBEwAv8XiRSgbshkXkAAAAAASUVORK5CYII=', '2019-11-29', 'qweqe', '2019-11-29 10:12:49', '2019-11-29 10:15:21');

-- --------------------------------------------------------

--
-- Table structure for table `umpan_balik`
--

CREATE TABLE `umpan_balik` (
  `id` bigint(20) UNSIGNED NOT NULL,
  `user_id` bigint(20) UNSIGNED NOT NULL,
  `tanda_tangan` text NOT NULL,
  `created_at` timestamp NULL DEFAULT NULL,
  `updated_at` timestamp NULL DEFAULT NULL
) ENGINE=InnoDB DEFAULT CHARSET=utf8mb4 COLLATE=utf8mb4_unicode_ci;

-- --------------------------------------------------------

--
-- Table structure for table `unit_kompetensi`
--

CREATE TABLE `unit_kompetensi` (
  `id` bigint(20) UNSIGNED NOT NULL,
  `skema_sertifikasi_id` bigint(20) UNSIGNED NOT NULL,
  `kode_unit` varchar(255) NOT NULL,
  `judul_unit` text NOT NULL,
  `jenis_standar` text NOT NULL,
  `created_at` timestamp NULL DEFAULT NULL,
  `updated_at` timestamp NULL DEFAULT NULL
) ENGINE=InnoDB DEFAULT CHARSET=utf8mb4 COLLATE=utf8mb4_unicode_ci;

--
-- Dumping data for table `unit_kompetensi`
--

INSERT INTO `unit_kompetensi` (`id`, `skema_sertifikasi_id`, `kode_unit`, `judul_unit`, `jenis_standar`, `created_at`, `updated_at`) VALUES
(20, 7, 'wer', 'wersdfsdfsf', 'werwerwerw', '2023-01-19 02:56:17', '2023-01-19 02:56:17'),
(21, 7, 'Kode 2', 'Judul 2', 'JHenis Standar 2', '2023-01-30 07:25:41', '2023-01-30 07:25:53');

-- --------------------------------------------------------

--
-- Table structure for table `unit_kompetensi_isi`
--

CREATE TABLE `unit_kompetensi_isi` (
  `id` bigint(20) UNSIGNED NOT NULL,
  `unit_kompetensi_sub_id` bigint(20) UNSIGNED DEFAULT NULL,
  `judul_unit_kompetensi_isi` text DEFAULT NULL,
  `created_at` timestamp NULL DEFAULT NULL,
  `updated_at` timestamp NULL DEFAULT NULL
) ENGINE=InnoDB DEFAULT CHARSET=utf8mb4 COLLATE=utf8mb4_unicode_ci;

--
-- Dumping data for table `unit_kompetensi_isi`
--

INSERT INTO `unit_kompetensi_isi` (`id`, `unit_kompetensi_sub_id`, `judul_unit_kompetensi_isi`, `created_at`, `updated_at`) VALUES
(86, 157, 'Isi 1 Elemen 1 Unit Kompetensi 1', NULL, '2023-02-01 15:40:53'),
(89, 158, 'Isi 1 Elemen 1 Unit Kompetensi 2', NULL, '2023-02-01 15:28:56'),
(98, 158, 'Isi 2 Elemen 1 Unit Kompetensi 2', NULL, '2023-02-01 15:28:52'),
(100, 159, 'Isi 1 Elemen 2 Unit Kompetensi 2', NULL, '2023-02-01 15:28:36'),
(101, 159, 'Isi 2 Elemen 2 Unit Kompetensi 2', NULL, NULL),
(105, 157, 'Isi 2 Elemen 1 Unit Kompetensi 1', NULL, '2023-02-01 15:42:01'),
(106, 160, 'Isi 1 Elemen 2 Unit Kompetensi 1', NULL, NULL),
(107, 160, 'Isi 2 Elemen 2 Unit Kompetensi 1', NULL, NULL);

-- --------------------------------------------------------

--
-- Table structure for table `unit_kompetensi_isi_2`
--

CREATE TABLE `unit_kompetensi_isi_2` (
  `id` bigint(20) UNSIGNED NOT NULL,
  `unit_kompetensi_isi_id` bigint(20) UNSIGNED NOT NULL,
  `judul_unit_kompetensi_isi_2` text DEFAULT NULL,
  `created_at` timestamp NULL DEFAULT NULL,
  `updated_at` timestamp NULL DEFAULT NULL
) ENGINE=InnoDB DEFAULT CHARSET=utf8mb4 COLLATE=utf8mb4_unicode_ci;

-- --------------------------------------------------------

--
-- Table structure for table `unit_kompetensi_sub`
--

CREATE TABLE `unit_kompetensi_sub` (
  `id` bigint(20) UNSIGNED NOT NULL,
  `unit_kompetensi_id` bigint(20) UNSIGNED NOT NULL,
  `judul_unit_kompetensi_sub` text NOT NULL,
  `bukti_relevan` text DEFAULT NULL,
  `created_at` timestamp NULL DEFAULT NULL,
  `updated_at` timestamp NULL DEFAULT NULL
) ENGINE=InnoDB DEFAULT CHARSET=utf8mb4 COLLATE=utf8mb4_unicode_ci;

--
-- Dumping data for table `unit_kompetensi_sub`
--

INSERT INTO `unit_kompetensi_sub` (`id`, `unit_kompetensi_id`, `judul_unit_kompetensi_sub`, `bukti_relevan`, `created_at`, `updated_at`) VALUES
(157, 20, 'Judul 1 Elemen 1 Unit Kompetensi 1', '157', NULL, '2023-02-02 09:32:39'),
(158, 21, 'Judul 1 Elemen 1 Unit Kompetensi 2', '158', NULL, '2023-02-02 09:32:40'),
(159, 21, 'Judul 2 Elemen 2 Unit Kompetensi 2', '159', NULL, '2023-02-02 09:32:41'),
(160, 20, 'Judul 2 Elemen 1 Unit Kompetensi 1', '160', NULL, '2023-02-02 09:32:39');

-- --------------------------------------------------------

--
-- Table structure for table `users`
--

CREATE TABLE `users` (
  `id` bigint(20) UNSIGNED NOT NULL,
  `nama_lengkap` varchar(255) NOT NULL,
  `email` varchar(255) NOT NULL,
  `institusi_id` bigint(20) UNSIGNED DEFAULT NULL,
  `jurusan_id` bigint(20) UNSIGNED DEFAULT NULL,
  `password` varchar(255) NOT NULL,
  `role_id` bigint(20) UNSIGNED NOT NULL,
  `email_verified_at` timestamp NULL DEFAULT NULL,
  `remember_token` varchar(100) DEFAULT NULL,
  `created_at` timestamp NULL DEFAULT NULL,
  `updated_at` timestamp NULL DEFAULT NULL
) ENGINE=InnoDB DEFAULT CHARSET=utf8mb4 COLLATE=utf8mb4_unicode_ci;

--
-- Dumping data for table `users`
--

INSERT INTO `users` (`id`, `nama_lengkap`, `email`, `institusi_id`, `jurusan_id`, `password`, `role_id`, `email_verified_at`, `remember_token`, `created_at`, `updated_at`) VALUES
(27, 'admin', 'admin@gmail.com', NULL, NULL, '$2y$10$cjyZ9VrWAp2ekFhumCBW5ut5vrEJtt.jNdLLhBeyDBSZXiaVjS59e', 1, NULL, NULL, '2023-01-18 23:42:12', '2023-01-18 23:42:12'),
(33, 'asesi1', 'asesi1@gmail.com', 1, 66, '$2y$10$Vd4kkYpi1ahLW2k1jobD3eIubLiNXIp8QnBTm9hFuEW7.b3mP5W7i', 4, NULL, NULL, '2023-01-19 00:34:09', '2023-01-19 00:34:09'),
(34, 'asesi2', 'asesi2@gmail.com', 1, 66, '$2y$10$8x0BtWIXxh4W3I6c8SB8JuWlyJHwBm2GITnSss/Hfe5kyWh4z4R1a', 4, NULL, NULL, '2023-01-19 00:34:09', '2023-01-19 00:34:09'),
(35, 'asesi3', 'asesi3@gmail.com', 1, 66, '$2y$10$56sbVTYIbS/iUtj/LR7.DOL2tWEkbv4jsKVH6wA6l/npGb7r64Aci', 4, NULL, NULL, '2023-01-19 00:34:09', '2023-01-19 00:34:09'),
(36, 'asesor1', 'asesor1@gmail.com', NULL, 66, '$2y$10$9bLEbWx8ZtMn.d99uCke0e3XMTmwO5FvDt6eMgxnhjkk5BdPvW9ZS', 3, NULL, NULL, '2019-11-29 10:51:02', '2019-11-29 10:51:02'),
(37, 'asesor2', 'asesor2@gmail.com', NULL, NULL, '$2y$10$CTdTO82.EyPVQSV5t8G3kOn1kBeGlfRxGxYw9HlzxwkUOSN2asDuq', 3, NULL, NULL, '2019-11-29 10:51:02', '2019-11-29 10:51:02'),
(38, 'asesor3', 'asesor3@gmail.com', NULL, 66, '$2y$10$OHHwER9RZgyXDJfKZG.xleemc9377n6ZxSczNbscuqKCUdU5kOdl6', 3, NULL, NULL, '2019-11-29 10:51:02', '2019-11-29 10:51:02'),
(39, 'peninjau1', 'peninjau1@gmail.com', NULL, NULL, '$2y$10$fZvHe1V1F7pJfVsQV7D1VeJoaA1sMAfsBnqdhsRcuFhjKrzm2BK3q', 2, NULL, NULL, '2019-11-29 10:51:02', '2019-11-29 10:51:02'),
(40, 'peninjau2', 'peninjau2@gmail.com', NULL, NULL, '$2y$10$8swn/Zv7W6cC2dM32v6MdO160yY8K25ZRgo8h6sLoiJ43v7wUuIpO', 2, NULL, NULL, '2019-11-29 10:51:02', '2019-11-29 10:51:02'),
(41, 'peninjau3', 'peninjau3@gmail.com', NULL, NULL, '$2y$10$jX9g3ZYXKjWhJ4QgDyStjuXGAqJwP2Wi81b3cHjYPhBdBJzs2o5tW', 2, NULL, NULL, '2019-11-29 10:51:02', '2019-11-29 10:51:02');

-- --------------------------------------------------------

--
-- Table structure for table `users_detail`
--

CREATE TABLE `users_detail` (
  `id` bigint(20) UNSIGNED NOT NULL,
  `user_id` bigint(20) UNSIGNED NOT NULL,
  `ktp_nik_paspor` text DEFAULT NULL,
  `tempat_lahir` varchar(255) DEFAULT NULL,
  `tanggal_lahir` text DEFAULT NULL,
  `jenis_kelamin` varchar(255) DEFAULT NULL,
  `kebangsaan` varchar(255) DEFAULT NULL,
  `alamat_rumah` text DEFAULT NULL,
  `nomor_hp` varchar(255) DEFAULT NULL,
  `kualifikasi_pendidikan` varchar(255) DEFAULT NULL,
  `foto` text DEFAULT NULL,
  `created_at` timestamp NULL DEFAULT NULL,
  `updated_at` timestamp NULL DEFAULT NULL
) ENGINE=InnoDB DEFAULT CHARSET=utf8mb4 COLLATE=utf8mb4_unicode_ci;

--
-- Indexes for dumped tables
--

--
-- Indexes for table `asesi_uji_kompetensi`
--
ALTER TABLE `asesi_uji_kompetensi`
  ADD PRIMARY KEY (`id`),
  ADD KEY `asesi_uji_kompetensi_jadwal_uji_kompetensi_id_foreign` (`jadwal_uji_kompetensi_id`),
  ADD KEY `asesi_uji_kompetensi_user_asesi_id_foreign` (`user_asesi_id`);

--
-- Indexes for table `asesmen_mandiri`
--
ALTER TABLE `asesmen_mandiri`
  ADD PRIMARY KEY (`id`),
  ADD KEY `asesmen_mandiri_user_asesi_id_foreign` (`user_asesi_id`),
  ADD KEY `asesmen_mandiri_user_asesor_id_foreign` (`user_asesor_id`);

--
-- Indexes for table `asesor_uji_kompetensi`
--
ALTER TABLE `asesor_uji_kompetensi`
  ADD PRIMARY KEY (`id`),
  ADD KEY `asesor_uji_kompetensi_jadwal_uji_kompetensi_id_foreign` (`jadwal_uji_kompetensi_id`),
  ADD KEY `asesor_uji_kompetensi_user_asesor_id_foreign` (`user_asesor_id`);

--
-- Indexes for table `failed_jobs`
--
ALTER TABLE `failed_jobs`
  ADD PRIMARY KEY (`id`),
  ADD UNIQUE KEY `failed_jobs_uuid_unique` (`uuid`);

--
-- Indexes for table `hasil_persyaratan`
--
ALTER TABLE `hasil_persyaratan`
  ADD PRIMARY KEY (`id`),
  ADD KEY `hasil_persyaratan_user_id_foreign` (`user_id`);

--
-- Indexes for table `institusi`
--
ALTER TABLE `institusi`
  ADD PRIMARY KEY (`id`);

--
-- Indexes for table `jadwal_uji_kompetensi`
--
ALTER TABLE `jadwal_uji_kompetensi`
  ADD PRIMARY KEY (`id`),
  ADD KEY `jadwal_uji_kompetensi_muk_id_foreign` (`muk_id`);

--
-- Indexes for table `jawaban_asesi`
--
ALTER TABLE `jawaban_asesi`
  ADD PRIMARY KEY (`id`),
  ADD KEY `jawaban_asesi_user_asesi_id_foreign` (`user_asesi_id`),
  ADD KEY `jawaban_asesi_soal_id_foreign` (`soal_id`);

--
-- Indexes for table `jenis_soal`
--
ALTER TABLE `jenis_soal`
  ADD PRIMARY KEY (`id`);

--
-- Indexes for table `jurusan`
--
ALTER TABLE `jurusan`
  ADD PRIMARY KEY (`id`);

--
-- Indexes for table `kebangsaan`
--
ALTER TABLE `kebangsaan`
  ADD PRIMARY KEY (`id`);

--
-- Indexes for table `kelengkapan_pemohon`
--
ALTER TABLE `kelengkapan_pemohon`
  ADD PRIMARY KEY (`id`),
  ADD KEY `kelengkapan_pemohon_user_id_foreign` (`user_id`);

--
-- Indexes for table `kualifikasi_pendidikan`
--
ALTER TABLE `kualifikasi_pendidikan`
  ADD PRIMARY KEY (`id`);

--
-- Indexes for table `migrations`
--
ALTER TABLE `migrations`
  ADD PRIMARY KEY (`id`);

--
-- Indexes for table `muk`
--
ALTER TABLE `muk`
  ADD PRIMARY KEY (`id`),
  ADD KEY `muk_jurusan_id_foreign` (`jurusan_id`);

--
-- Indexes for table `password_resets`
--
ALTER TABLE `password_resets`
  ADD KEY `password_resets_email_index` (`email`);

--
-- Indexes for table `pekerjaan`
--
ALTER TABLE `pekerjaan`
  ADD PRIMARY KEY (`id`),
  ADD KEY `pekerjaan_user_id_foreign` (`user_id`);

--
-- Indexes for table `pelaksanaan_ujian`
--
ALTER TABLE `pelaksanaan_ujian`
  ADD PRIMARY KEY (`id`),
  ADD KEY `pelaksanaan_ujian_jadwal_uji_kompetensi_id_foreign` (`jadwal_uji_kompetensi_id`);

--
-- Indexes for table `peninjau_uji_kompetensi`
--
ALTER TABLE `peninjau_uji_kompetensi`
  ADD PRIMARY KEY (`id`),
  ADD KEY `peninjau_uji_kompetensi_jadwal_uji_kompetensi_id_foreign` (`jadwal_uji_kompetensi_id`),
  ADD KEY `peninjau_uji_kompetensi_user_peninjau_id_foreign` (`user_peninjau_id`);

--
-- Indexes for table `personal_access_tokens`
--
ALTER TABLE `personal_access_tokens`
  ADD PRIMARY KEY (`id`),
  ADD UNIQUE KEY `personal_access_tokens_token_unique` (`token`),
  ADD KEY `personal_access_tokens_tokenable_type_tokenable_id_index` (`tokenable_type`,`tokenable_id`);

--
-- Indexes for table `role`
--
ALTER TABLE `role`
  ADD PRIMARY KEY (`id`);

--
-- Indexes for table `sertifikasi`
--
ALTER TABLE `sertifikasi`
  ADD PRIMARY KEY (`id`),
  ADD KEY `sertifikasi_user_id_foreign` (`user_id`);

--
-- Indexes for table `skema_sertifikasi`
--
ALTER TABLE `skema_sertifikasi`
  ADD PRIMARY KEY (`id`),
  ADD KEY `skema_sertifikasi_jurusan_id_foreign` (`jurusan_id`);

--
-- Indexes for table `soal`
--
ALTER TABLE `soal`
  ADD PRIMARY KEY (`id`),
  ADD KEY `soal_jadwal_uji_kompetensi_id_foreign` (`jadwal_uji_kompetensi_id`);

--
-- Indexes for table `status_unit_kompetensi_asesi`
--
ALTER TABLE `status_unit_kompetensi_asesi`
  ADD PRIMARY KEY (`id`),
  ADD KEY `status_unit_kompetensi_asesi_unit_kompetensi_isi_id_foreign` (`unit_kompetensi_isi_id`),
  ADD KEY `status_unit_kompetensi_asesi_user_asesi_id_foreign` (`user_asesi_id`);

--
-- Indexes for table `tanda_tangan`
--
ALTER TABLE `tanda_tangan`
  ADD PRIMARY KEY (`id`),
  ADD KEY `tanda_tangan_seritikasi_id_foreign` (`sertifikasi_id`);

--
-- Indexes for table `umpan_balik`
--
ALTER TABLE `umpan_balik`
  ADD PRIMARY KEY (`id`),
  ADD KEY `umpan_balik_user_id_foreign` (`user_id`);

--
-- Indexes for table `unit_kompetensi`
--
ALTER TABLE `unit_kompetensi`
  ADD PRIMARY KEY (`id`),
  ADD KEY `unit_kompetensi_skema_sertifikasi_id_foreign` (`skema_sertifikasi_id`);

--
-- Indexes for table `unit_kompetensi_isi`
--
ALTER TABLE `unit_kompetensi_isi`
  ADD PRIMARY KEY (`id`),
  ADD KEY `unit_kompetensi_isi_unit_kompetensi_sub_id_foreign` (`unit_kompetensi_sub_id`);

--
-- Indexes for table `unit_kompetensi_isi_2`
--
ALTER TABLE `unit_kompetensi_isi_2`
  ADD PRIMARY KEY (`id`),
  ADD KEY `unit_kompetensi_isi_2_unit_kompetensi_isi_id_foreign` (`unit_kompetensi_isi_id`);

--
-- Indexes for table `unit_kompetensi_sub`
--
ALTER TABLE `unit_kompetensi_sub`
  ADD PRIMARY KEY (`id`),
  ADD KEY `unit_kompetensi_sub_unit_kompetensi_id_foreign` (`unit_kompetensi_id`);

--
-- Indexes for table `users`
--
ALTER TABLE `users`
  ADD PRIMARY KEY (`id`),
  ADD UNIQUE KEY `users_email_unique` (`email`),
  ADD KEY `users_institusi_id_foreign` (`institusi_id`),
  ADD KEY `users_jurusan_id_foreign` (`jurusan_id`),
  ADD KEY `users_role_id_foreign` (`role_id`);

--
-- Indexes for table `users_detail`
--
ALTER TABLE `users_detail`
  ADD PRIMARY KEY (`id`),
  ADD KEY `users_detail_user_id_foreign` (`user_id`);

--
-- AUTO_INCREMENT for dumped tables
--

--
-- AUTO_INCREMENT for table `asesi_uji_kompetensi`
--
ALTER TABLE `asesi_uji_kompetensi`
  MODIFY `id` bigint(20) UNSIGNED NOT NULL AUTO_INCREMENT, AUTO_INCREMENT=27;

--
-- AUTO_INCREMENT for table `asesmen_mandiri`
--
ALTER TABLE `asesmen_mandiri`
  MODIFY `id` bigint(20) UNSIGNED NOT NULL AUTO_INCREMENT, AUTO_INCREMENT=5;

--
-- AUTO_INCREMENT for table `asesor_uji_kompetensi`
--
ALTER TABLE `asesor_uji_kompetensi`
  MODIFY `id` bigint(20) UNSIGNED NOT NULL AUTO_INCREMENT, AUTO_INCREMENT=42;

--
-- AUTO_INCREMENT for table `failed_jobs`
--
ALTER TABLE `failed_jobs`
  MODIFY `id` bigint(20) UNSIGNED NOT NULL AUTO_INCREMENT;

--
-- AUTO_INCREMENT for table `hasil_persyaratan`
--
ALTER TABLE `hasil_persyaratan`
  MODIFY `id` bigint(20) UNSIGNED NOT NULL AUTO_INCREMENT;

--
-- AUTO_INCREMENT for table `institusi`
--
ALTER TABLE `institusi`
  MODIFY `id` bigint(20) UNSIGNED NOT NULL AUTO_INCREMENT, AUTO_INCREMENT=13;

--
-- AUTO_INCREMENT for table `jadwal_uji_kompetensi`
--
ALTER TABLE `jadwal_uji_kompetensi`
  MODIFY `id` bigint(20) UNSIGNED NOT NULL AUTO_INCREMENT, AUTO_INCREMENT=59;

--
-- AUTO_INCREMENT for table `jawaban_asesi`
--
ALTER TABLE `jawaban_asesi`
  MODIFY `id` bigint(20) UNSIGNED NOT NULL AUTO_INCREMENT, AUTO_INCREMENT=8;

--
-- AUTO_INCREMENT for table `jenis_soal`
--
ALTER TABLE `jenis_soal`
  MODIFY `id` bigint(20) UNSIGNED NOT NULL AUTO_INCREMENT, AUTO_INCREMENT=4;

--
-- AUTO_INCREMENT for table `jurusan`
--
ALTER TABLE `jurusan`
  MODIFY `id` bigint(20) UNSIGNED NOT NULL AUTO_INCREMENT, AUTO_INCREMENT=73;

--
-- AUTO_INCREMENT for table `kebangsaan`
--
ALTER TABLE `kebangsaan`
  MODIFY `id` bigint(20) UNSIGNED NOT NULL AUTO_INCREMENT;

--
-- AUTO_INCREMENT for table `kelengkapan_pemohon`
--
ALTER TABLE `kelengkapan_pemohon`
  MODIFY `id` bigint(20) UNSIGNED NOT NULL AUTO_INCREMENT, AUTO_INCREMENT=2;

--
-- AUTO_INCREMENT for table `kualifikasi_pendidikan`
--
ALTER TABLE `kualifikasi_pendidikan`
  MODIFY `id` bigint(20) UNSIGNED NOT NULL AUTO_INCREMENT, AUTO_INCREMENT=3;

--
-- AUTO_INCREMENT for table `migrations`
--
ALTER TABLE `migrations`
  MODIFY `id` int(10) UNSIGNED NOT NULL AUTO_INCREMENT, AUTO_INCREMENT=55;

--
-- AUTO_INCREMENT for table `muk`
--
ALTER TABLE `muk`
  MODIFY `id` bigint(20) UNSIGNED NOT NULL AUTO_INCREMENT, AUTO_INCREMENT=35;

--
-- AUTO_INCREMENT for table `pekerjaan`
--
ALTER TABLE `pekerjaan`
  MODIFY `id` bigint(20) UNSIGNED NOT NULL AUTO_INCREMENT, AUTO_INCREMENT=2;

--
-- AUTO_INCREMENT for table `pelaksanaan_ujian`
--
ALTER TABLE `pelaksanaan_ujian`
  MODIFY `id` bigint(20) UNSIGNED NOT NULL AUTO_INCREMENT, AUTO_INCREMENT=28;

--
-- AUTO_INCREMENT for table `peninjau_uji_kompetensi`
--
ALTER TABLE `peninjau_uji_kompetensi`
  MODIFY `id` bigint(20) UNSIGNED NOT NULL AUTO_INCREMENT, AUTO_INCREMENT=39;

--
-- AUTO_INCREMENT for table `personal_access_tokens`
--
ALTER TABLE `personal_access_tokens`
  MODIFY `id` bigint(20) UNSIGNED NOT NULL AUTO_INCREMENT;

--
-- AUTO_INCREMENT for table `role`
--
ALTER TABLE `role`
  MODIFY `id` bigint(20) UNSIGNED NOT NULL AUTO_INCREMENT, AUTO_INCREMENT=21;

--
-- AUTO_INCREMENT for table `sertifikasi`
--
ALTER TABLE `sertifikasi`
  MODIFY `id` bigint(20) UNSIGNED NOT NULL AUTO_INCREMENT, AUTO_INCREMENT=5;

--
-- AUTO_INCREMENT for table `skema_sertifikasi`
--
ALTER TABLE `skema_sertifikasi`
  MODIFY `id` bigint(20) UNSIGNED NOT NULL AUTO_INCREMENT, AUTO_INCREMENT=16;

--
-- AUTO_INCREMENT for table `soal`
--
ALTER TABLE `soal`
  MODIFY `id` bigint(20) UNSIGNED NOT NULL AUTO_INCREMENT, AUTO_INCREMENT=52;

--
-- AUTO_INCREMENT for table `status_unit_kompetensi_asesi`
--
ALTER TABLE `status_unit_kompetensi_asesi`
  MODIFY `id` bigint(20) UNSIGNED NOT NULL AUTO_INCREMENT, AUTO_INCREMENT=28;

--
-- AUTO_INCREMENT for table `tanda_tangan`
--
ALTER TABLE `tanda_tangan`
  MODIFY `id` bigint(20) UNSIGNED NOT NULL AUTO_INCREMENT, AUTO_INCREMENT=3;

--
-- AUTO_INCREMENT for table `umpan_balik`
--
ALTER TABLE `umpan_balik`
  MODIFY `id` bigint(20) UNSIGNED NOT NULL AUTO_INCREMENT;

--
-- AUTO_INCREMENT for table `unit_kompetensi`
--
ALTER TABLE `unit_kompetensi`
  MODIFY `id` bigint(20) UNSIGNED NOT NULL AUTO_INCREMENT, AUTO_INCREMENT=22;

--
-- AUTO_INCREMENT for table `unit_kompetensi_isi`
--
ALTER TABLE `unit_kompetensi_isi`
  MODIFY `id` bigint(20) UNSIGNED NOT NULL AUTO_INCREMENT, AUTO_INCREMENT=108;

--
-- AUTO_INCREMENT for table `unit_kompetensi_isi_2`
--
ALTER TABLE `unit_kompetensi_isi_2`
  MODIFY `id` bigint(20) UNSIGNED NOT NULL AUTO_INCREMENT, AUTO_INCREMENT=7;

--
-- AUTO_INCREMENT for table `unit_kompetensi_sub`
--
ALTER TABLE `unit_kompetensi_sub`
  MODIFY `id` bigint(20) UNSIGNED NOT NULL AUTO_INCREMENT, AUTO_INCREMENT=161;

--
-- AUTO_INCREMENT for table `users`
--
ALTER TABLE `users`
  MODIFY `id` bigint(20) UNSIGNED NOT NULL AUTO_INCREMENT, AUTO_INCREMENT=42;

--
-- AUTO_INCREMENT for table `users_detail`
--
ALTER TABLE `users_detail`
  MODIFY `id` bigint(20) UNSIGNED NOT NULL AUTO_INCREMENT, AUTO_INCREMENT=2;

--
-- Constraints for dumped tables
--

--
-- Constraints for table `asesi_uji_kompetensi`
--
ALTER TABLE `asesi_uji_kompetensi`
  ADD CONSTRAINT `asesi_uji_kompetensi_jadwal_uji_kompetensi_id_foreign` FOREIGN KEY (`jadwal_uji_kompetensi_id`) REFERENCES `jadwal_uji_kompetensi` (`id`) ON DELETE CASCADE,
  ADD CONSTRAINT `asesi_uji_kompetensi_user_asesi_id_foreign` FOREIGN KEY (`user_asesi_id`) REFERENCES `users` (`id`) ON DELETE CASCADE;

--
-- Constraints for table `asesmen_mandiri`
--
ALTER TABLE `asesmen_mandiri`
  ADD CONSTRAINT `asesmen_mandiri_user_asesi_id_foreign` FOREIGN KEY (`user_asesi_id`) REFERENCES `users` (`id`) ON DELETE CASCADE ON UPDATE CASCADE,
  ADD CONSTRAINT `asesmen_mandiri_user_asesor_id_foreign` FOREIGN KEY (`user_asesor_id`) REFERENCES `users` (`id`) ON DELETE CASCADE ON UPDATE CASCADE;

--
-- Constraints for table `asesor_uji_kompetensi`
--
ALTER TABLE `asesor_uji_kompetensi`
  ADD CONSTRAINT `asesor_uji_kompetensi_jadwal_uji_kompetensi_id_foreign` FOREIGN KEY (`jadwal_uji_kompetensi_id`) REFERENCES `jadwal_uji_kompetensi` (`id`) ON DELETE CASCADE,
  ADD CONSTRAINT `asesor_uji_kompetensi_user_asesor_id_foreign` FOREIGN KEY (`user_asesor_id`) REFERENCES `users` (`id`) ON DELETE CASCADE;

--
-- Constraints for table `hasil_persyaratan`
--
ALTER TABLE `hasil_persyaratan`
  ADD CONSTRAINT `hasil_persyaratan_user_id_foreign` FOREIGN KEY (`user_id`) REFERENCES `users` (`id`) ON DELETE CASCADE ON UPDATE CASCADE;

--
-- Constraints for table `jadwal_uji_kompetensi`
--
ALTER TABLE `jadwal_uji_kompetensi`
  ADD CONSTRAINT `jadwal_uji_kompetensi_muk_id_foreign` FOREIGN KEY (`muk_id`) REFERENCES `muk` (`id`) ON DELETE CASCADE ON UPDATE CASCADE;

--
-- Constraints for table `jawaban_asesi`
--
ALTER TABLE `jawaban_asesi`
  ADD CONSTRAINT `jawaban_asesi_soal_id_foreign` FOREIGN KEY (`soal_id`) REFERENCES `soal` (`id`) ON DELETE CASCADE ON UPDATE CASCADE,
  ADD CONSTRAINT `jawaban_asesi_user_asesi_id_foreign` FOREIGN KEY (`user_asesi_id`) REFERENCES `users` (`id`) ON DELETE CASCADE ON UPDATE CASCADE;

--
-- Constraints for table `kelengkapan_pemohon`
--
ALTER TABLE `kelengkapan_pemohon`
  ADD CONSTRAINT `kelengkapan_pemohon_user_id_foreign` FOREIGN KEY (`user_id`) REFERENCES `users` (`id`) ON DELETE CASCADE ON UPDATE CASCADE;

--
-- Constraints for table `muk`
--
ALTER TABLE `muk`
  ADD CONSTRAINT `muk_jurusan_id_foreign` FOREIGN KEY (`jurusan_id`) REFERENCES `jurusan` (`id`) ON DELETE CASCADE ON UPDATE CASCADE;

--
-- Constraints for table `pekerjaan`
--
ALTER TABLE `pekerjaan`
  ADD CONSTRAINT `pekerjaan_user_id_foreign` FOREIGN KEY (`user_id`) REFERENCES `users` (`id`) ON DELETE CASCADE ON UPDATE CASCADE;

--
-- Constraints for table `pelaksanaan_ujian`
--
ALTER TABLE `pelaksanaan_ujian`
  ADD CONSTRAINT `pelaksanaan_ujian_jadwal_uji_kompetensi_id_foreign` FOREIGN KEY (`jadwal_uji_kompetensi_id`) REFERENCES `jadwal_uji_kompetensi` (`id`) ON DELETE CASCADE;

--
-- Constraints for table `peninjau_uji_kompetensi`
--
ALTER TABLE `peninjau_uji_kompetensi`
  ADD CONSTRAINT `peninjau_uji_kompetensi_jadwal_uji_kompetensi_id_foreign` FOREIGN KEY (`jadwal_uji_kompetensi_id`) REFERENCES `jadwal_uji_kompetensi` (`id`) ON DELETE CASCADE,
  ADD CONSTRAINT `peninjau_uji_kompetensi_user_peninjau_id_foreign` FOREIGN KEY (`user_peninjau_id`) REFERENCES `users` (`id`) ON DELETE CASCADE;

--
-- Constraints for table `sertifikasi`
--
ALTER TABLE `sertifikasi`
  ADD CONSTRAINT `sertifikasi_user_id_foreign` FOREIGN KEY (`user_id`) REFERENCES `users` (`id`) ON DELETE CASCADE ON UPDATE CASCADE;

--
-- Constraints for table `skema_sertifikasi`
--
ALTER TABLE `skema_sertifikasi`
  ADD CONSTRAINT `skema_sertifikasi_jurusan_id_foreign` FOREIGN KEY (`jurusan_id`) REFERENCES `jurusan` (`id`) ON DELETE CASCADE ON UPDATE CASCADE;

--
-- Constraints for table `soal`
--
ALTER TABLE `soal`
  ADD CONSTRAINT `soal_jadwal_uji_kompetensi_id_foreign` FOREIGN KEY (`jadwal_uji_kompetensi_id`) REFERENCES `jadwal_uji_kompetensi` (`id`) ON DELETE CASCADE ON UPDATE CASCADE;

--
-- Constraints for table `status_unit_kompetensi_asesi`
--
ALTER TABLE `status_unit_kompetensi_asesi`
  ADD CONSTRAINT `status_unit_kompetensi_asesi_unit_kompetensi_isi_id_foreign` FOREIGN KEY (`unit_kompetensi_isi_id`) REFERENCES `unit_kompetensi_isi` (`id`) ON DELETE CASCADE ON UPDATE CASCADE,
  ADD CONSTRAINT `status_unit_kompetensi_asesi_user_asesi_id_foreign` FOREIGN KEY (`user_asesi_id`) REFERENCES `users` (`id`) ON DELETE CASCADE ON UPDATE CASCADE;

--
-- Constraints for table `tanda_tangan`
--
ALTER TABLE `tanda_tangan`
  ADD CONSTRAINT `tanda_tangan_seritikasi_id_foreign` FOREIGN KEY (`sertifikasi_id`) REFERENCES `sertifikasi` (`id`) ON DELETE CASCADE ON UPDATE CASCADE;

--
-- Constraints for table `umpan_balik`
--
ALTER TABLE `umpan_balik`
  ADD CONSTRAINT `umpan_balik_user_id_foreign` FOREIGN KEY (`user_id`) REFERENCES `users` (`id`) ON DELETE CASCADE ON UPDATE CASCADE;

--
-- Constraints for table `unit_kompetensi`
--
ALTER TABLE `unit_kompetensi`
  ADD CONSTRAINT `unit_kompetensi_skema_sertifikasi_id_foreign` FOREIGN KEY (`skema_sertifikasi_id`) REFERENCES `skema_sertifikasi` (`id`) ON DELETE CASCADE ON UPDATE CASCADE;

--
-- Constraints for table `unit_kompetensi_isi`
--
ALTER TABLE `unit_kompetensi_isi`
  ADD CONSTRAINT `unit_kompetensi_isi_unit_kompetensi_sub_id_foreign` FOREIGN KEY (`unit_kompetensi_sub_id`) REFERENCES `unit_kompetensi_sub` (`id`) ON DELETE CASCADE ON UPDATE CASCADE;

--
-- Constraints for table `unit_kompetensi_isi_2`
--
ALTER TABLE `unit_kompetensi_isi_2`
  ADD CONSTRAINT `unit_kompetensi_isi_2_unit_kompetensi_isi_id_foreign` FOREIGN KEY (`unit_kompetensi_isi_id`) REFERENCES `unit_kompetensi_isi` (`id`) ON DELETE CASCADE ON UPDATE CASCADE;

--
-- Constraints for table `unit_kompetensi_sub`
--
ALTER TABLE `unit_kompetensi_sub`
  ADD CONSTRAINT `unit_kompetensi_sub_unit_kompetensi_id_foreign` FOREIGN KEY (`unit_kompetensi_id`) REFERENCES `unit_kompetensi` (`id`) ON DELETE CASCADE ON UPDATE CASCADE;

--
-- Constraints for table `users`
--
ALTER TABLE `users`
  ADD CONSTRAINT `users_institusi_id_foreign` FOREIGN KEY (`institusi_id`) REFERENCES `institusi` (`id`) ON DELETE CASCADE ON UPDATE CASCADE,
  ADD CONSTRAINT `users_jurusan_id_foreign` FOREIGN KEY (`jurusan_id`) REFERENCES `jurusan` (`id`) ON DELETE CASCADE ON UPDATE CASCADE,
  ADD CONSTRAINT `users_role_id_foreign` FOREIGN KEY (`role_id`) REFERENCES `role` (`id`) ON DELETE CASCADE ON UPDATE CASCADE;

--
-- Constraints for table `users_detail`
--
ALTER TABLE `users_detail`
  ADD CONSTRAINT `users_detail_user_id_foreign` FOREIGN KEY (`user_id`) REFERENCES `users` (`id`) ON DELETE CASCADE ON UPDATE CASCADE;
COMMIT;

/*!40101 SET CHARACTER_SET_CLIENT=@OLD_CHARACTER_SET_CLIENT */;
/*!40101 SET CHARACTER_SET_RESULTS=@OLD_CHARACTER_SET_RESULTS */;
/*!40101 SET COLLATION_CONNECTION=@OLD_COLLATION_CONNECTION */;
